loan_id,payment_amount,payment_date,missed
11577,332,2005-07-30,0
11577,507,2005-09-13,1
11577,441,2005-09-26,1
11577,539,2005-10-17,1
11577,522,2005-11-17,0
11577,546,2005-12-30,0
11630,584,2007-05-04,0
11630,688,2007-06-20,0
11630,857,2007-07-23,1
11630,1084,2007-09-09,0
11630,959,2007-10-16,1
11630,807,2007-11-03,1
10531,451,2015-02-08,0
10531,859,2015-03-26,1
10531,759,2015-04-12,0
10531,702,2015-04-26,1
10531,809,2015-06-12,1
10531,780,2015-07-13,0
10531,749,2015-08-07,0
10531,587,2015-09-01,1
11956,1454,2012-06-02,0
11956,1796,2012-06-30,1
11956,1810,2012-08-01,1
11956,1071,2012-08-26,1
11956,1901,2012-09-24,1
11956,1576,2012-10-18,0
11956,1307,2012-11-13,0
11550,2330,2014-11-15,1
11550,1524,2014-12-21,1
11550,1702,2015-01-07,1
11550,1748,2015-02-14,0
11550,2286,2015-03-30,0
11550,1392,2015-05-05,1
11550,1343,2015-05-27,0
11550,1582,2015-06-30,0
11550,2180,2015-08-17,1
10752,1440,2008-03-24,1
10752,2156,2008-04-04,0
10752,1974,2008-04-18,1
10752,1473,2008-05-19,1
10752,2673,2008-06-11,0
10752,2421,2008-07-14,0
11400,1850,2001-05-19,0
11400,1811,2001-06-05,1
11400,1672,2001-07-09,0
11400,1137,2001-07-28,1
11400,1054,2001-09-03,1
10836,1590,2001-09-04,0
10836,918,2001-09-24,0
10836,1653,2001-10-19,0
10836,1173,2001-11-13,1
10836,909,2001-12-18,0
10836,1193,2002-01-11,1
10836,1431,2002-02-25,1
10836,1482,2002-04-14,1
10738,623,2011-07-22,1
10738,553,2011-08-06,0
10738,483,2011-09-02,1
10738,555,2011-10-13,1
10738,657,2011-10-28,1
11617,958,2010-10-17,1
11617,751,2010-11-18,1
11617,826,2011-01-02,0
11617,544,2011-01-27,1
11617,660,2011-02-12,0
11913,737,2002-10-14,1
11913,654,2002-11-16,1
11913,512,2002-12-15,0
11913,734,2003-01-27,1
11913,727,2003-03-17,1
11913,790,2003-04-21,1
11913,407,2003-05-21,0
11913,475,2003-06-27,1
11913,609,2003-07-10,1
10407,2619,2010-02-15,0
10407,2541,2010-03-15,1
10407,2132,2010-04-09,1
10407,2756,2010-04-28,1
10407,2460,2010-05-29,0
10679,1684,2012-03-22,0
10679,1417,2012-05-05,0
10679,1182,2012-05-23,1
10679,1319,2012-06-30,1
10679,1335,2012-08-05,0
10679,1707,2012-09-20,1
10679,1178,2012-10-02,0
10679,1516,2012-11-03,1
10679,1236,2012-12-22,1
11887,1673,2009-03-02,1
11887,2390,2009-03-28,1
11887,2752,2009-05-12,0
11887,2626,2009-06-13,0
11887,2004,2009-07-07,0
11509,2442,2011-09-01,0
11509,2190,2011-09-14,1
11509,2111,2011-09-28,0
11509,1468,2011-11-03,1
11509,2393,2011-11-17,1
11651,1609,2008-02-12,1
11651,2121,2008-02-26,1
11651,1636,2008-04-02,0
11651,1377,2008-04-13,1
11651,1752,2008-05-04,1
11651,1968,2008-05-31,1
11651,1256,2008-07-05,1
11651,1874,2008-07-15,1
11651,1976,2008-08-21,1
10788,2413,2007-10-04,1
10788,1886,2007-10-14,0
10788,1661,2007-11-24,1
10788,2330,2007-12-31,1
10788,2686,2008-01-19,1
10788,2780,2008-03-07,1
10788,2764,2008-03-22,0
10137,2446,2005-05-23,0
10137,1647,2005-06-16,0
10137,1778,2005-07-24,0
10137,2208,2005-08-14,1
10137,2139,2005-09-30,1
10837,1451,2011-08-16,0
10837,1357,2011-09-02,1
10837,875,2011-09-28,0
10837,1651,2011-11-05,1
10837,1226,2011-11-27,0
10894,901,2011-10-18,0
10894,1074,2011-11-07,0
10894,819,2011-12-05,1
10894,1437,2011-12-31,1
10894,1267,2012-01-27,0
10894,780,2012-02-28,0
10894,1529,2012-03-17,0
11157,1724,2004-01-15,0
11157,1097,2004-01-27,0
11157,1300,2004-02-24,0
11157,1036,2004-03-11,0
11157,1466,2004-04-18,0
11157,1012,2004-05-25,1
11157,1625,2004-06-07,1
11157,1652,2004-07-24,1
10200,1858,2005-11-14,0
10200,1906,2005-12-05,1
10200,2197,2006-01-13,0
10200,1384,2006-01-27,0
10200,1877,2006-02-06,1
10200,2223,2006-02-22,1
11868,1938,2006-08-27,1
11868,2543,2006-09-07,0
11868,1634,2006-09-29,1
11868,1905,2006-11-11,1
11868,2333,2006-11-27,0
11358,255,2010-01-17,0
11358,400,2010-02-23,0
11358,263,2010-04-11,1
11358,254,2010-05-21,1
11358,323,2010-06-24,1
11358,222,2010-08-05,1
11358,321,2010-09-10,1
11358,321,2010-10-21,0
10036,1481,2010-07-17,1
10036,1378,2010-08-20,1
10036,1038,2010-10-01,1
10036,1726,2010-11-10,1
10036,1281,2010-12-15,1
10036,1647,2011-01-28,0
10036,2044,2011-03-12,0
11921,846,2009-08-03,1
11921,920,2009-08-16,1
11921,1304,2009-09-13,0
11921,781,2009-10-25,0
11921,827,2009-11-12,1
10627,1817,2010-01-08,0
10627,1622,2010-02-08,1
10627,1452,2010-03-24,0
10627,2424,2010-04-25,1
10627,2323,2010-05-25,1
10627,2632,2010-06-18,1
10038,212,2003-07-30,1
10038,154,2003-08-19,1
10038,200,2003-09-05,1
10038,118,2003-09-19,1
10038,146,2003-10-19,0
10038,180,2003-10-30,1
10038,117,2003-12-16,0
10038,131,2004-01-24,0
10038,160,2004-02-11,1
11061,2488,2005-11-04,1
11061,1599,2005-11-18,0
11061,2320,2005-12-14,0
11061,2267,2006-01-23,0
11061,2010,2006-02-20,0
10606,2161,2010-06-26,0
10606,2489,2010-07-11,0
10606,2246,2010-07-22,1
10606,1587,2010-09-09,0
10606,1819,2010-09-25,1
10606,1822,2010-10-24,0
10387,112,2011-08-01,1
10387,99,2011-08-20,0
10387,96,2011-09-06,1
10387,117,2011-10-08,1
10387,179,2011-11-07,1
11310,1133,2010-02-28,1
11310,939,2010-04-03,1
11310,1147,2010-04-25,0
11310,1213,2010-05-08,1
11310,717,2010-06-10,1
10587,993,2012-05-05,1
10587,1235,2012-06-14,0
10587,1257,2012-07-07,1
10587,1341,2012-08-07,1
10587,973,2012-08-21,0
10587,959,2012-09-06,0
10587,948,2012-09-18,1
11984,1794,2001-09-21,1
11984,1180,2001-10-16,0
11984,1562,2001-11-15,0
11984,1226,2002-01-03,0
11984,1538,2002-01-16,0
11984,1356,2002-01-29,1
10891,1645,2009-07-07,1
10891,1247,2009-07-31,0
10891,880,2009-08-31,0
10891,836,2009-10-12,1
10891,983,2009-11-24,1
10891,1377,2010-01-05,0
10891,1358,2010-01-18,0
10158,1000,2012-04-13,0
10158,1052,2012-05-04,1
10158,780,2012-05-29,1
10158,919,2012-07-03,0
10158,717,2012-08-19,1
10158,699,2012-09-05,0
10158,1024,2012-10-09,0
10158,786,2012-10-28,1
10158,691,2012-12-08,0
10904,2324,2004-06-29,1
10904,2412,2004-07-21,0
10904,2464,2004-08-16,0
10904,2399,2004-09-09,1
10904,1777,2004-09-27,0
10904,1692,2004-10-29,1
10904,2312,2004-11-20,0
10904,1664,2004-12-30,1
10904,1356,2005-01-15,0
11819,480,2013-05-01,1
11819,397,2013-06-02,0
11819,353,2013-06-14,0
11819,464,2013-07-21,0
11819,473,2013-08-02,0
11819,361,2013-08-31,0
11819,520,2013-10-04,0
11819,482,2013-11-18,0
11967,2292,2010-07-31,1
11967,1559,2010-08-23,0
11967,2191,2010-10-10,1
11967,1567,2010-11-14,0
11967,1820,2010-12-12,1
11967,1692,2011-01-13,1
11967,1641,2011-02-13,0
11967,1685,2011-03-29,1
11967,1944,2011-04-09,0
10316,1694,2010-10-05,0
10316,1558,2010-10-17,1
10316,1647,2010-11-29,1
10316,2513,2011-01-06,1
10316,1557,2011-02-17,0
10058,646,2008-07-08,1
10058,615,2008-07-19,1
10058,612,2008-08-10,0
10058,501,2008-08-28,1
10058,465,2008-09-24,1
10058,746,2008-10-23,0
10058,858,2008-11-29,1
10058,541,2009-01-10,1
10058,852,2009-02-07,1
10110,1218,2008-02-25,0
10110,1805,2008-03-13,0
10110,1241,2008-04-29,0
10110,1877,2008-06-16,1
10110,1846,2008-07-20,1
10110,1398,2008-08-17,0
11254,803,2004-12-24,0
11254,811,2005-01-21,0
11254,549,2005-03-09,0
11254,588,2005-03-24,1
11254,631,2005-05-02,1
11254,641,2005-06-08,0
11254,800,2005-07-20,0
11254,834,2005-09-01,1
11254,671,2005-09-25,1
11670,1153,2014-08-30,0
11670,679,2014-10-06,0
11670,1105,2014-11-16,0
11670,860,2014-12-07,0
11670,1216,2015-01-17,0
11670,956,2015-02-21,1
11670,1184,2015-04-05,1
11670,1073,2015-05-13,1
10885,1106,2009-06-12,1
10885,1149,2009-07-20,1
10885,1163,2009-08-13,1
10885,858,2009-09-24,0
10885,1142,2009-10-12,0
10885,732,2009-11-04,0
10961,2976,2007-08-19,0
10961,2724,2007-09-25,0
10961,1904,2007-10-26,0
10961,2763,2007-11-28,0
10961,2487,2007-12-26,0
10961,2015,2008-01-14,0
10961,2087,2008-02-29,0
10961,2792,2008-03-25,0
10184,1257,2000-07-14,1
10184,1016,2000-08-01,1
10184,1716,2000-08-18,0
10184,1274,2000-09-06,1
10184,1346,2000-09-17,1
10184,1470,2000-10-26,0
10184,1413,2000-12-04,1
10184,1566,2000-12-30,1
11742,292,2003-04-12,0
11742,327,2003-05-28,1
11742,520,2003-06-22,0
11742,478,2003-07-29,0
11742,491,2003-08-21,1
11742,413,2003-09-23,1
11742,281,2003-11-04,1
11742,302,2003-12-15,1
10147,295,2003-08-14,1
10147,522,2003-09-25,1
10147,429,2003-11-05,0
10147,444,2003-12-03,0
10147,494,2004-01-20,0
10147,289,2004-03-04,0
10991,2648,2004-10-18,1
10991,2563,2004-12-02,0
10991,2649,2004-12-19,1
10991,1713,2005-01-10,0
10991,1647,2005-02-22,1
11452,1242,2007-01-17,1
11452,1708,2007-02-26,1
11452,1367,2007-03-12,1
11452,1824,2007-04-09,1
11452,1747,2007-04-22,0
11452,2041,2007-06-04,0
10800,718,2006-12-10,0
10800,525,2007-01-23,1
10800,425,2007-02-28,0
10800,613,2007-04-16,1
10800,522,2007-05-04,0
10800,714,2007-06-16,1
10800,412,2007-07-11,1
11726,1628,2004-09-29,0
11726,2156,2004-10-24,0
11726,1694,2004-11-18,1
11726,2591,2004-12-31,1
11726,1498,2005-02-02,1
11267,1920,2006-05-09,0
11267,1946,2006-06-11,1
11267,2251,2006-07-23,1
11267,1575,2006-08-21,0
11267,1895,2006-09-16,0
11267,2473,2006-10-08,1
11267,1884,2006-11-16,1
11267,2133,2006-11-30,1
11707,1118,2006-09-08,0
11707,1431,2006-10-09,0
11707,1439,2006-11-06,1
11707,1501,2006-12-03,0
11707,1353,2007-01-17,1
11959,1059,2007-09-02,0
11959,1138,2007-09-24,0
11959,1144,2007-10-08,1
11959,1422,2007-11-20,0
11959,1846,2007-12-21,1
11959,1987,2008-01-27,0
11959,1111,2008-02-17,0
11959,1724,2008-03-20,0
11928,1488,2011-02-20,0
11928,2064,2011-04-10,1
11928,2320,2011-05-11,0
11928,2470,2011-06-02,1
11928,2466,2011-06-26,1
11928,1807,2011-07-27,0
11928,2084,2011-08-29,1
11928,1557,2011-10-06,1
10993,1906,2003-07-24,1
10993,1261,2003-08-24,0
10993,1720,2003-09-13,0
10993,1595,2003-10-18,1
10993,1436,2003-11-03,0
10993,1749,2003-12-02,1
10993,1109,2004-01-09,0
10993,1154,2004-01-27,0
11920,459,2001-08-23,1
11920,681,2001-09-11,1
11920,587,2001-10-11,0
11920,512,2001-11-20,0
11920,465,2001-12-09,1
11920,640,2002-01-04,0
11355,2365,2014-12-13,1
11355,2259,2014-12-27,0
11355,1679,2015-01-06,0
11355,1800,2015-01-16,1
11355,1542,2015-02-23,0
11355,1378,2015-03-14,1
11355,1527,2015-04-23,1
11355,2329,2015-05-15,1
11570,1545,2008-08-09,0
11570,1735,2008-08-25,1
11570,1347,2008-10-06,0
11570,1792,2008-10-29,1
11570,1476,2008-11-30,0
11570,1221,2009-01-16,0
11570,1188,2009-01-29,1
11541,278,2002-05-11,0
11541,201,2002-06-01,1
11541,253,2002-06-22,1
11541,228,2002-08-01,0
11541,275,2002-09-16,1
11541,197,2002-10-14,1
11541,158,2002-12-01,0
11693,235,2015-01-29,0
11693,290,2015-02-08,1
11693,212,2015-03-08,1
11693,225,2015-04-06,0
11693,201,2015-05-21,0
11693,237,2015-06-06,0
11693,311,2015-06-27,0
10865,1035,2011-11-17,0
10865,1058,2011-12-13,0
10865,1679,2012-01-02,0
10865,1027,2012-02-05,0
10865,1030,2012-03-18,0
10865,1551,2012-05-05,0
11581,1839,2003-12-26,0
11581,2372,2004-01-18,0
11581,1404,2004-02-12,0
11581,2391,2004-03-11,1
11581,2232,2004-04-29,1
11367,516,2008-03-02,1
11367,829,2008-03-13,0
11367,551,2008-04-16,1
11367,840,2008-05-28,1
11367,893,2008-07-01,1
11367,573,2008-07-18,0
11367,700,2008-07-31,0
11367,837,2008-09-14,0
10300,826,2002-01-15,0
10300,1050,2002-02-19,1
10300,1087,2002-03-02,0
10300,709,2002-04-05,1
10300,697,2002-05-09,0
10300,1060,2002-06-01,0
10300,709,2002-07-20,0
10300,1177,2002-08-11,1
10300,866,2002-08-26,1
11254,672,2005-04-02,0
11254,1137,2005-05-14,1
11254,1077,2005-06-18,0
11254,1206,2005-07-23,1
11254,1197,2005-08-17,0
10489,1865,2003-07-07,1
10489,2395,2003-07-22,1
10489,2514,2003-08-12,1
10489,2549,2003-09-11,0
10489,2067,2003-10-16,1
10489,1451,2003-12-02,0
10489,1539,2003-12-27,1
10489,2213,2004-01-24,0
10489,1504,2004-03-07,1
11086,2032,2002-08-12,0
11086,1915,2002-08-22,1
11086,1596,2002-09-11,0
11086,1890,2002-10-02,1
11086,1358,2002-10-22,0
11086,1698,2002-11-07,0
11433,2302,2006-05-10,0
11433,2100,2006-05-29,0
11433,2717,2006-07-09,1
11433,1854,2006-08-01,0
11433,2834,2006-08-28,0
11433,2587,2006-09-20,0
11169,604,2012-09-01,0
11169,666,2012-10-19,0
11169,589,2012-11-18,0
11169,664,2012-12-07,0
11169,967,2013-01-21,1
11169,700,2013-02-01,0
11169,797,2013-02-11,0
11169,628,2013-02-27,1
11639,1072,2006-12-23,1
11639,600,2007-01-28,1
11639,911,2007-03-18,0
11639,944,2007-04-30,1
11639,711,2007-05-12,0
10917,2602,2007-05-31,1
10917,1646,2007-07-14,1
10917,1597,2007-08-03,1
10917,2332,2007-09-18,0
10917,1887,2007-10-30,0
10917,2281,2007-11-27,0
10917,2508,2008-01-15,0
10917,2697,2008-02-13,0
10917,2772,2008-03-25,0
11622,830,2014-10-17,0
11622,812,2014-11-13,1
11622,923,2014-12-26,1
11622,726,2015-01-09,1
11622,758,2015-02-19,0
11622,559,2015-03-02,1
11622,477,2015-04-15,0
11162,1647,2008-04-29,0
11162,2172,2008-05-25,0
11162,2077,2008-06-16,1
11162,2403,2008-07-30,0
11162,1470,2008-08-23,1
11162,1546,2008-09-06,0
10549,1866,2007-02-28,1
10549,2624,2007-03-18,1
10549,2578,2007-03-30,0
10549,1507,2007-04-25,1
10549,1524,2007-05-19,0
10549,2940,2007-06-08,1
10549,2192,2007-06-26,1
10549,2139,2007-07-18,1
10549,1595,2007-08-23,0
10997,204,2011-10-25,0
10997,118,2011-11-07,0
10997,148,2011-12-22,0
10997,162,2012-01-17,0
10997,146,2012-02-20,0
10997,124,2012-03-18,0
10997,111,2012-04-05,1
10997,132,2012-05-01,0
10997,149,2012-05-31,1
11000,1293,2001-03-01,0
11000,1935,2001-03-24,0
11000,1564,2001-04-28,1
11000,1722,2001-05-24,1
11000,1529,2001-07-06,0
10937,1081,2010-03-27,1
10937,1009,2010-05-08,1
10937,961,2010-05-31,1
10937,1083,2010-06-30,0
10937,670,2010-07-22,1
11183,1492,2011-12-08,1
11183,2044,2012-01-17,0
11183,2185,2012-02-07,0
11183,2028,2012-03-12,0
11183,2040,2012-04-16,0
11183,2183,2012-05-20,1
11183,1518,2012-06-17,0
11183,1921,2012-07-24,0
11183,1655,2012-08-03,1
11694,2368,2008-05-14,0
11694,2858,2008-05-26,0
11694,2105,2008-06-06,0
11694,1852,2008-06-16,1
11694,2250,2008-07-01,0
11694,2192,2008-07-15,0
11694,1786,2008-09-02,1
10549,1414,2014-10-04,0
10549,1132,2014-11-12,1
10549,1306,2014-11-30,1
10549,965,2015-01-14,1
10549,1173,2015-03-01,1
10598,211,2014-10-10,0
10598,147,2014-10-29,1
10598,220,2014-11-12,1
10598,251,2014-11-22,1
10598,234,2015-01-01,1
10598,146,2015-01-22,1
10309,1049,2010-04-27,0
10309,1021,2010-05-23,1
10309,551,2010-06-09,1
10309,930,2010-07-11,0
10309,732,2010-08-27,1
10238,2222,2001-11-25,0
10238,2048,2001-12-06,0
10238,1478,2001-12-25,0
10238,2083,2002-01-23,0
10238,1881,2002-03-04,0
11366,87,2006-03-14,0
11366,137,2006-04-20,1
11366,158,2006-05-01,1
11366,110,2006-05-23,0
11366,112,2006-06-07,0
11366,109,2006-07-18,1
11366,108,2006-08-22,1
11168,1959,2001-11-08,0
11168,1700,2001-12-04,1
11168,1391,2002-01-07,0
11168,1257,2002-01-31,0
11168,1754,2002-02-14,0
11168,1455,2002-02-27,0
11168,1623,2002-04-12,1
11168,1030,2002-05-26,0
10231,1426,2011-03-21,0
10231,1165,2011-04-15,1
10231,1407,2011-05-25,0
10231,1729,2011-06-06,1
10231,2030,2011-06-25,1
10231,1823,2011-07-26,0
10231,1246,2011-09-08,1
11590,1038,2010-10-15,0
11590,806,2010-10-28,1
11590,1189,2010-11-17,1
11590,951,2010-12-15,1
11590,745,2011-01-28,1
11590,703,2011-03-15,0
11590,879,2011-04-08,0
11590,1060,2011-05-09,0
11590,613,2011-06-19,0
11163,1254,2006-03-20,1
11163,1809,2006-04-16,0
11163,1049,2006-05-27,0
11163,1302,2006-07-15,0
11163,1842,2006-08-07,0
11163,1619,2006-09-22,1
11163,1487,2006-10-26,0
11732,1756,2010-08-16,1
11732,1954,2010-09-16,1
11732,1359,2010-10-23,0
11732,1660,2010-11-23,1
11732,1814,2010-12-03,1
11732,1387,2011-01-09,0
10813,2395,2009-03-31,1
10813,1296,2009-05-19,0
10813,1790,2009-06-24,1
10813,1375,2009-07-16,0
10813,2085,2009-08-02,0
10813,1879,2009-09-04,1
10813,1918,2009-10-08,0
10813,2021,2009-11-22,1
11821,1886,2011-06-08,0
11821,1524,2011-07-18,1
11821,2280,2011-08-24,0
11821,1618,2011-09-12,1
11821,2513,2011-09-24,1
11821,1621,2011-10-25,1
10778,1747,2009-05-20,1
10778,2129,2009-06-30,1
10778,1172,2009-08-12,1
10778,1786,2009-08-29,0
10778,2071,2009-10-07,0
10122,1445,2013-08-07,1
10122,911,2013-08-24,0
10122,855,2013-09-27,0
10122,1179,2013-10-07,0
10122,1458,2013-11-02,0
11472,1650,2006-09-16,0
11472,1583,2006-10-18,0
11472,1938,2006-12-05,1
11472,2191,2007-01-21,0
11472,2282,2007-02-16,0
11472,2293,2007-03-08,1
11472,1290,2007-04-17,1
11472,1220,2007-05-26,1
11419,1019,2007-12-02,0
11419,946,2008-01-12,0
11419,1528,2008-02-13,1
11419,1242,2008-02-29,0
11419,1471,2008-03-11,0
11419,1450,2008-03-30,0
11419,1333,2008-05-14,0
10342,274,2003-11-13,1
10342,195,2003-12-24,1
10342,170,2004-02-10,0
10342,273,2004-02-20,1
10342,273,2004-03-03,1
10342,197,2004-03-19,1
10094,1280,2011-03-21,0
10094,1275,2011-04-11,1
10094,1567,2011-05-20,0
10094,1788,2011-06-06,1
10094,1201,2011-07-05,1
10094,1607,2011-07-29,0
10094,1768,2011-08-14,0
10952,1571,2007-06-05,0
10952,1525,2007-07-13,1
10952,1588,2007-08-03,0
10952,1395,2007-09-06,0
10952,2038,2007-10-23,1
10952,1982,2007-11-11,1
10952,1681,2007-12-27,1
10952,2161,2008-01-09,1
10952,2006,2008-02-26,1
11918,717,2007-05-31,1
11918,867,2007-06-21,0
11918,730,2007-07-23,0
11918,791,2007-09-08,0
11918,977,2007-10-11,1
11918,645,2007-11-02,0
11918,600,2007-12-07,1
11918,751,2008-01-02,0
11918,896,2008-01-31,0
11412,603,2011-11-13,1
11412,921,2011-12-18,1
11412,965,2012-01-27,0
11412,568,2012-03-05,0
11412,652,2012-04-20,0
11412,787,2012-05-21,1
11679,1735,2010-06-05,1
11679,1440,2010-06-18,1
11679,1805,2010-08-03,1
11679,1081,2010-08-25,1
11679,1416,2010-10-11,0
11679,1032,2010-10-24,1
11679,1162,2010-12-10,0
11679,1472,2011-01-16,0
11679,1753,2011-03-05,0
11380,865,2011-11-05,0
11380,1252,2011-11-29,1
11380,890,2011-12-13,1
11380,1190,2012-01-11,0
11380,1237,2012-02-05,1
11380,1220,2012-02-16,1
10569,509,2003-06-15,1
10569,536,2003-07-07,1
10569,471,2003-07-17,0
10569,450,2003-09-01,1
10569,359,2003-10-03,0
10891,1490,2008-05-02,1
10891,2021,2008-05-22,0
10891,1851,2008-06-29,0
10891,2383,2008-07-11,1
10891,1991,2008-07-29,0
10292,1943,2008-08-24,1
10292,2212,2008-09-23,0
10292,2235,2008-10-23,1
10292,1416,2008-11-03,1
10292,1997,2008-12-14,0
10292,1836,2009-01-16,0
10292,2441,2009-02-19,1
10052,1812,2008-12-22,1
10052,1334,2009-01-11,0
10052,1727,2009-01-25,0
10052,1885,2009-02-13,1
10052,1055,2009-02-26,1
10052,1396,2009-03-18,1
10052,1080,2009-04-25,1
11196,1207,2005-05-21,0
11196,1914,2005-06-08,1
11196,1591,2005-06-29,0
11196,1319,2005-08-11,1
11196,2163,2005-08-25,0
11196,1471,2005-09-20,0
11196,1862,2005-10-31,1
11196,1958,2005-12-04,0
11196,2042,2005-12-21,0
11247,93,2009-07-07,0
11247,115,2009-07-25,0
11247,151,2009-08-09,1
11247,150,2009-08-22,1
11247,136,2009-09-27,1
11247,154,2009-10-07,0
11247,104,2009-10-23,1
11827,1549,2001-01-03,0
11827,2653,2001-01-21,1
11827,1672,2001-02-13,1
11827,1573,2001-03-28,0
11827,1502,2001-04-21,1
11827,2094,2001-05-10,1
11720,189,2006-08-31,0
11720,267,2006-10-12,0
11720,273,2006-11-27,1
11720,190,2007-01-11,1
11720,244,2007-01-26,1
10310,99,2001-06-20,0
10310,98,2001-07-11,1
10310,97,2001-07-23,0
10310,131,2001-08-23,1
10310,105,2001-09-19,0
10310,94,2001-10-04,0
10310,113,2001-11-16,0
10310,111,2001-12-10,1
10989,2750,2006-11-14,0
10989,2682,2006-11-29,0
10989,1908,2006-12-13,0
10989,2629,2007-01-15,0
10989,1606,2007-02-21,1
10989,2686,2007-03-10,0
10989,2328,2007-03-30,1
10989,1967,2007-05-11,0
10989,2321,2007-06-14,1
11281,850,2004-03-09,0
11281,706,2004-04-13,0
11281,887,2004-04-25,1
11281,632,2004-05-12,1
11281,733,2004-06-03,1
11281,827,2004-07-03,0
11281,634,2004-07-29,0
11281,883,2004-08-09,1
11766,440,2014-11-06,0
11766,350,2014-12-20,0
11766,406,2015-01-09,0
11766,251,2015-02-04,1
11766,422,2015-03-06,1
10954,358,2009-08-23,0
10954,501,2009-10-09,1
10954,406,2009-11-07,1
10954,521,2009-12-19,1
10954,473,2010-02-03,1
10954,500,2010-03-05,0
10954,521,2010-03-15,0
10954,612,2010-04-23,0
10526,298,2005-04-15,0
10526,293,2005-05-02,0
10526,362,2005-06-02,0
10526,257,2005-07-03,1
10526,292,2005-08-17,1
10526,297,2005-09-08,1
10526,238,2005-10-23,1
10526,362,2005-11-23,1
10836,813,2000-06-12,1
10836,596,2000-07-22,1
10836,582,2000-08-01,1
10836,697,2000-09-01,1
10836,704,2000-10-02,0
10638,760,2012-11-23,1
10638,1045,2013-01-11,0
10638,1009,2013-02-10,1
10638,1129,2013-02-25,0
10638,635,2013-04-03,1
10638,1118,2013-05-13,0
11073,498,2008-07-28,0
11073,587,2008-08-17,0
11073,768,2008-09-12,0
11073,702,2008-10-24,1
11073,484,2008-11-04,0
11073,700,2008-12-20,1
11073,556,2009-01-06,1
11073,684,2009-01-19,0
11073,400,2009-02-01,1
11868,1138,2004-01-30,1
11868,1315,2004-02-23,1
11868,1645,2004-04-10,1
11868,1297,2004-05-29,1
11868,898,2004-07-10,0
11868,1252,2004-08-17,0
11868,1448,2004-09-22,1
11868,1044,2004-11-08,0
11614,1459,2011-05-11,1
11614,1049,2011-06-29,0
11614,1150,2011-08-16,1
11614,1450,2011-10-01,0
11614,1477,2011-10-28,1
11614,1119,2011-11-30,1
11614,1443,2011-12-29,0
11614,1148,2012-02-06,1
11614,1217,2012-03-01,1
11202,1516,2003-08-12,0
11202,2307,2003-08-24,1
11202,2567,2003-09-19,1
11202,1312,2003-10-20,1
11202,1498,2003-11-02,1
11202,2100,2003-11-23,1
11202,2227,2003-12-20,1
11782,1406,2013-07-20,1
11782,2233,2013-08-06,0
11782,2509,2013-08-24,1
11782,2120,2013-09-22,0
11782,1568,2013-10-22,0
11782,2420,2013-11-14,1
10169,263,2006-01-09,0
10169,340,2006-01-23,1
10169,289,2006-02-09,1
10169,319,2006-03-24,0
10169,284,2006-04-14,1
10169,220,2006-05-26,0
10169,272,2006-06-07,1
10769,902,2003-03-01,0
10769,1042,2003-04-18,0
10769,664,2003-05-03,0
10769,894,2003-06-12,1
10769,1150,2003-07-15,1
10769,668,2003-08-03,1
10123,2228,2002-08-06,1
10123,1440,2002-09-16,1
10123,2175,2002-10-13,0
10123,2074,2002-11-09,0
10123,1851,2002-11-22,1
10123,1432,2002-12-26,1
10123,1391,2003-01-05,1
10123,1903,2003-02-07,0
10123,1694,2003-03-27,1
10142,625,2011-09-09,1
10142,687,2011-10-11,0
10142,806,2011-10-27,1
10142,749,2011-12-05,1
10142,717,2012-01-01,1
11524,1594,2007-04-26,1
11524,1630,2007-06-11,1
11524,1386,2007-07-07,0
11524,1488,2007-07-25,1
11524,1771,2007-08-23,0
11524,1728,2007-09-06,1
11524,1494,2007-10-24,1
10571,857,2015-01-22,0
10571,869,2015-02-21,0
10571,750,2015-03-20,0
10571,840,2015-04-01,0
10571,811,2015-05-11,0
11074,636,2012-11-12,0
11074,717,2012-11-26,1
11074,486,2012-12-30,0
11074,814,2013-01-24,1
11074,911,2013-03-03,1
11074,905,2013-04-07,0
11074,672,2013-04-17,0
10154,2064,2012-05-20,0
10154,1133,2012-07-08,1
10154,1660,2012-07-29,1
10154,1597,2012-08-15,0
10154,1283,2012-09-20,1
10154,1720,2012-10-15,0
10154,2061,2012-10-28,1
11109,830,2009-11-24,0
11109,781,2010-01-06,0
11109,972,2010-02-05,0
11109,1000,2010-03-12,1
11109,651,2010-04-17,0
11109,1136,2010-05-26,1
10002,703,2009-04-07,0
10002,779,2009-04-19,1
10002,1103,2009-05-16,0
10002,1105,2009-06-24,1
10002,789,2009-07-07,1
10002,1050,2009-08-21,1
10002,1278,2009-09-13,0
10114,992,2012-12-30,1
10114,1866,2013-02-14,1
10114,1159,2013-02-28,1
10114,1905,2013-03-16,1
10114,1306,2013-04-18,0
10114,1251,2013-05-12,0
10114,1393,2013-05-28,0
10114,1836,2013-07-04,1
10114,1482,2013-08-02,1
11593,2164,2009-11-21,1
11593,2371,2009-12-20,1
11593,2186,2010-01-05,0
11593,1920,2010-02-06,0
11593,1747,2010-03-18,1
11593,2196,2010-04-06,0
11593,1534,2010-05-12,0
11850,207,2006-03-27,0
11850,204,2006-04-26,1
11850,128,2006-06-06,0
11850,115,2006-07-07,1
11850,184,2006-08-01,1
11850,154,2006-08-11,0
11850,186,2006-09-23,1
11839,2007,2000-03-17,1
11839,1162,2000-04-13,0
11839,1785,2000-05-26,1
11839,1887,2000-07-14,1
11839,1050,2000-08-18,0
11839,1569,2000-09-14,0
10073,923,2005-06-28,1
10073,823,2005-07-22,0
10073,783,2005-08-02,1
10073,989,2005-08-28,0
10073,1072,2005-10-13,0
10073,1203,2005-11-03,0
10073,965,2005-12-17,0
10073,731,2006-01-14,1
11569,544,2006-02-03,1
11569,643,2006-02-24,0
11569,484,2006-03-27,0
11569,465,2006-04-17,1
11569,804,2006-05-25,0
11569,634,2006-06-05,0
11732,2140,2013-12-22,1
11732,2778,2014-01-16,1
11732,1737,2014-03-05,0
11732,2781,2014-04-06,1
11732,2104,2014-04-23,0
11732,2527,2014-05-24,0
11732,2667,2014-06-24,1
11732,1855,2014-07-16,1
11732,1860,2014-09-03,1
11054,671,2007-03-12,1
11054,742,2007-03-29,1
11054,795,2007-04-25,0
11054,521,2007-05-07,0
11054,744,2007-05-17,1
11054,857,2007-06-12,1
11054,918,2007-07-14,0
10666,1326,2011-06-20,1
10666,1288,2011-07-20,0
10666,2236,2011-08-24,1
10666,2118,2011-09-18,1
10666,1370,2011-10-20,1
10666,1830,2011-11-22,0
11343,687,2005-07-06,0
11343,598,2005-08-17,1
11343,546,2005-09-16,0
11343,638,2005-09-26,0
11343,600,2005-11-02,1
11343,567,2005-12-19,1
11343,404,2006-01-18,0
10447,1415,2002-03-10,1
10447,1325,2002-03-23,1
10447,1328,2002-04-10,0
10447,964,2002-04-25,0
10447,1211,2002-05-24,0
10447,871,2002-06-04,0
10447,1157,2002-07-03,0
11131,1574,2002-04-12,1
11131,1884,2002-05-01,1
11131,2141,2002-05-28,1
11131,2164,2002-06-22,0
11131,2142,2002-07-05,1
11315,728,2007-01-26,1
11315,499,2007-02-15,1
11315,425,2007-03-23,1
11315,608,2007-04-21,0
11315,732,2007-05-24,0
11315,655,2007-07-08,1
11315,670,2007-08-04,1
11315,547,2007-08-18,1
10081,1050,2001-07-01,1
10081,1072,2001-08-16,0
10081,1531,2001-09-17,1
10081,1362,2001-10-08,1
10081,1235,2001-11-05,0
10081,1386,2001-11-25,1
10303,927,2014-03-25,0
10303,1091,2014-04-04,1
10303,979,2014-04-20,1
10303,1249,2014-05-23,1
10303,775,2014-07-07,1
10303,774,2014-07-21,0
10303,1063,2014-08-19,1
10216,2199,2014-11-22,0
10216,2416,2014-12-17,0
10216,2606,2015-01-09,0
10216,2410,2015-02-16,1
10216,1797,2015-03-25,1
10216,1596,2015-04-28,1
11129,358,2015-01-12,1
11129,313,2015-02-22,0
11129,311,2015-03-24,0
11129,267,2015-05-03,1
11129,411,2015-06-01,1
11129,368,2015-07-05,1
11129,316,2015-08-01,1
11129,417,2015-09-12,1
11129,309,2015-10-10,0
10415,975,2001-01-21,0
10415,705,2001-02-25,0
10415,703,2001-03-20,1
10415,968,2001-04-15,0
10415,837,2001-05-13,1
10415,562,2001-06-01,0
10415,528,2001-06-21,0
10977,2453,2008-05-31,0
10977,1623,2008-07-15,0
10977,1993,2008-08-03,0
10977,2143,2008-08-31,0
10977,2297,2008-09-26,1
10977,2235,2008-11-12,1
11911,661,2004-06-30,1
11911,1109,2004-08-18,0
11911,1118,2004-09-29,0
11911,599,2004-10-21,0
11911,677,2004-11-09,0
10305,806,2005-05-02,1
10305,643,2005-06-19,1
10305,655,2005-07-25,0
10305,527,2005-08-20,1
10305,872,2005-09-13,0
10305,919,2005-10-28,1
11748,686,2004-06-07,0
11748,738,2004-06-17,0
11748,870,2004-07-30,1
11748,1065,2004-08-18,0
11748,797,2004-09-10,0
11748,1242,2004-10-12,1
11748,1018,2004-11-12,1
11703,1056,2009-12-31,0
11703,1985,2010-01-15,0
11703,1715,2010-02-06,1
11703,1461,2010-03-11,1
11703,1340,2010-04-24,1
11703,1443,2010-05-29,0
11703,1572,2010-06-24,1
11853,451,2004-07-05,1
11853,385,2004-07-15,0
11853,531,2004-08-04,1
11853,645,2004-09-03,0
11853,331,2004-10-16,0
10842,437,2002-02-15,0
10842,399,2002-03-03,0
10842,501,2002-03-21,1
10842,524,2002-04-25,0
10842,328,2002-06-11,0
10842,361,2002-07-21,0
10842,472,2002-09-08,0
10842,462,2002-10-02,1
10339,1626,2003-07-16,0
10339,2128,2003-08-02,0
10339,2663,2003-08-20,0
10339,2628,2003-09-23,1
10339,2342,2003-10-03,0
10339,1689,2003-10-13,1
10339,2049,2003-10-24,1
10339,2703,2003-11-09,0
10339,1559,2003-12-13,0
10662,2739,2003-11-09,0
10662,2664,2003-12-17,0
10662,2748,2004-01-19,0
10662,1492,2004-01-30,1
10662,1666,2004-03-16,1
10662,1918,2004-04-25,0
10662,1644,2004-06-04,0
10367,705,2001-08-24,1
10367,525,2001-09-17,1
10367,681,2001-10-23,0
10367,543,2001-11-23,0
10367,542,2001-12-11,0
10367,629,2001-12-27,1
10605,1404,2010-05-03,0
10605,2165,2010-06-12,0
10605,2554,2010-07-18,0
10605,1788,2010-08-11,1
10605,2244,2010-09-15,0
11341,115,2003-10-29,0
11341,94,2003-12-11,0
11341,113,2003-12-27,0
11341,79,2004-01-21,0
11341,116,2004-02-18,0
11341,96,2004-03-18,1
11341,106,2004-04-06,1
10519,1912,2012-04-20,0
10519,2482,2012-06-06,0
10519,1789,2012-07-01,0
10519,2643,2012-08-11,0
10519,1859,2012-08-23,0
10519,2022,2012-09-15,1
10519,1736,2012-10-15,1
11697,263,2002-05-09,0
11697,331,2002-06-22,0
11697,252,2002-07-06,1
11697,438,2002-08-22,0
11697,272,2002-09-28,1
11697,257,2002-11-06,0
11697,375,2002-12-08,1
10493,1238,2003-09-28,0
10493,974,2003-10-21,1
10493,1323,2003-11-19,0
10493,1077,2003-12-24,0
10493,1317,2004-02-01,0
10493,898,2004-02-23,0
10493,1092,2004-04-03,0
10493,922,2004-05-02,1
10994,927,2001-05-11,1
10994,1120,2001-06-12,1
10994,832,2001-07-25,0
10994,1051,2001-08-19,1
10994,1215,2001-09-11,1
10994,871,2001-09-28,0
10994,1125,2001-10-20,0
10619,1697,2004-08-28,1
10619,1392,2004-09-20,0
10619,1044,2004-09-30,1
10619,1521,2004-10-24,0
10619,1204,2004-11-22,1
10619,1747,2004-12-14,0
10619,1323,2005-01-13,1
10034,828,2013-02-21,0
10034,592,2013-04-05,1
10034,516,2013-05-14,0
10034,744,2013-06-12,1
10034,756,2013-06-30,0
10034,874,2013-07-19,0
10034,596,2013-08-21,1
10034,870,2013-09-18,1
10034,510,2013-10-11,1
11019,796,2000-09-17,1
11019,1307,2000-10-12,0
11019,1390,2000-11-29,1
11019,1201,2001-01-02,1
11019,941,2001-02-19,1
11019,1365,2001-04-08,0
11019,1467,2001-05-26,0
11019,987,2001-07-01,1
11019,871,2001-07-24,0
11703,1164,2009-12-28,0
11703,1138,2010-02-01,0
11703,1326,2010-02-11,0
11703,1537,2010-03-22,0
11703,1360,2010-04-25,0
11703,1506,2010-05-15,1
11703,1740,2010-06-29,0
11972,2163,2011-06-18,1
11972,2654,2011-07-02,1
11972,1560,2011-08-17,1
11972,2594,2011-09-26,0
11972,2466,2011-10-26,0
11972,1772,2011-12-04,1
11972,2511,2011-12-27,0
11972,1764,2012-01-20,0
11972,2148,2012-02-04,0
10418,670,2010-07-27,1
10418,493,2010-09-05,1
10418,756,2010-09-23,0
10418,452,2010-10-27,0
10418,638,2010-11-07,0
10418,692,2010-12-14,0
10418,816,2010-12-31,1
10418,840,2011-02-16,1
10714,1120,2005-08-03,0
10714,1169,2005-08-16,0
10714,1099,2005-09-20,0
10714,1256,2005-11-04,0
10714,1207,2005-12-21,0
10714,1152,2006-01-18,1
10714,1088,2006-02-22,0
10714,1123,2006-03-28,0
10917,722,2004-10-29,1
10917,1167,2004-12-13,0
10917,919,2004-12-28,1
10917,1142,2005-01-08,0
10917,893,2005-02-01,1
10594,1259,2003-07-13,0
10594,1782,2003-07-28,0
10594,939,2003-08-10,0
10594,1122,2003-08-30,1
10594,1740,2003-09-13,1
10800,623,2007-03-08,0
10800,920,2007-04-15,0
10800,822,2007-05-10,0
10800,611,2007-06-02,1
10800,932,2007-06-25,1
10343,2489,2005-05-16,0
10343,2212,2005-06-06,1
10343,2450,2005-07-18,0
10343,1673,2005-08-20,1
10343,2092,2005-10-07,1
10343,2289,2005-11-16,1
10343,2700,2005-12-15,0
10343,2943,2006-01-10,0
10695,1743,2005-02-11,1
10695,2395,2005-03-01,1
10695,1503,2005-03-12,0
10695,1520,2005-03-29,0
10695,1879,2005-05-09,0
10695,2782,2005-06-02,1
10695,2775,2005-07-04,1
10695,2590,2005-07-16,0
10605,1251,2003-01-04,0
10605,1457,2003-02-04,0
10605,1237,2003-03-23,1
10605,1715,2003-04-04,1
10605,1066,2003-04-16,1
10605,1669,2003-05-16,0
10605,1606,2003-06-07,1
10605,1089,2003-06-26,0
10325,1554,2011-01-13,1
10325,1531,2011-02-09,0
10325,1648,2011-03-12,1
10325,1061,2011-03-25,1
10325,1586,2011-05-05,1
10325,1081,2011-05-25,0
10078,1985,2002-11-25,0
10078,2274,2002-12-07,0
10078,1460,2002-12-19,1
10078,1666,2003-01-04,0
10078,1753,2003-01-29,0
10078,2024,2003-02-20,1
10078,1193,2003-03-23,1
10078,2248,2003-05-10,1
10078,1796,2003-05-20,0
11527,303,2001-09-12,1
11527,292,2001-10-08,0
11527,288,2001-11-26,0
11527,322,2002-01-06,1
11527,532,2002-01-19,0
11527,514,2002-02-12,0
11527,388,2002-03-10,0
11527,341,2002-04-02,1
10949,411,2001-01-28,1
10949,355,2001-02-19,0
10949,283,2001-03-19,1
10949,306,2001-04-09,1
10949,259,2001-04-25,1
11708,570,2014-04-26,1
11708,394,2014-05-25,0
11708,546,2014-07-01,0
11708,593,2014-08-03,0
11708,625,2014-09-17,1
11708,446,2014-10-29,1
11708,427,2014-12-11,0
11837,2022,2014-09-11,1
11837,1927,2014-09-25,1
11837,1735,2014-10-28,0
11837,1670,2014-12-14,1
11837,1716,2015-01-04,1
11837,2200,2015-01-28,1
10975,1563,2001-07-13,1
10975,1921,2001-08-28,1
10975,1548,2001-10-03,0
10975,1652,2001-10-13,0
10975,1151,2001-11-21,0
10975,1200,2002-01-06,1
10975,1848,2002-01-28,1
10975,1953,2002-03-14,1
10975,1403,2002-04-05,1
10381,1089,2013-04-24,0
10381,1263,2013-05-12,1
10381,1321,2013-05-22,0
10381,1134,2013-06-12,0
10381,881,2013-07-28,0
10381,1164,2013-08-28,1
10381,1219,2013-09-23,1
10381,855,2013-10-19,0
10381,982,2013-11-06,0
10503,465,2012-05-03,1
10503,492,2012-05-21,0
10503,377,2012-07-08,0
10503,472,2012-08-26,1
10503,526,2012-10-06,0
10503,521,2012-11-01,0
10503,463,2012-11-16,0
10503,513,2012-12-05,1
10503,267,2012-12-15,1
11931,488,2014-08-27,1
11931,377,2014-10-05,0
11931,510,2014-10-29,1
11931,345,2014-11-10,1
11931,397,2014-12-04,0
11931,441,2015-01-01,0
11931,310,2015-01-15,0
10509,1668,2004-10-13,0
10509,1641,2004-10-31,1
10509,1652,2004-12-12,1
10509,980,2005-01-23,1
10509,1127,2005-02-18,0
10509,1364,2005-04-08,0
10509,1104,2005-05-15,0
10509,1150,2005-06-02,1
10356,1226,2005-01-04,1
10356,1169,2005-01-21,0
10356,1736,2005-03-01,0
10356,1572,2005-04-15,0
10356,1056,2005-05-02,0
10356,1892,2005-05-20,1
10356,1416,2005-06-02,0
11187,1303,2001-06-20,1
11187,1190,2001-07-09,0
11187,1445,2001-08-19,1
11187,1653,2001-08-29,1
11187,2069,2001-10-06,0
11187,1968,2001-10-18,0
11187,1275,2001-11-29,0
11187,2145,2001-12-16,0
11187,1644,2002-01-10,0
10725,393,2001-05-20,1
10725,559,2001-06-26,0
10725,585,2001-07-17,1
10725,521,2001-08-03,0
10725,693,2001-09-21,1
11057,231,2008-03-13,1
11057,291,2008-04-14,0
11057,276,2008-05-27,1
11057,274,2008-06-16,1
11057,296,2008-07-22,0
11057,305,2008-08-25,0
11057,250,2008-10-12,0
11057,266,2008-11-21,0
11389,1720,2004-08-30,0
11389,961,2004-10-10,1
11389,1148,2004-11-01,1
11389,1127,2004-12-07,1
11389,1699,2004-12-28,0
11389,1474,2005-02-07,1
11534,284,2013-12-02,0
11534,223,2014-01-09,1
11534,291,2014-02-21,1
11534,235,2014-04-01,0
11534,279,2014-04-27,1
11534,219,2014-05-12,0
11534,228,2014-06-30,0
11534,205,2014-08-01,1
11534,374,2014-09-16,0
10779,425,2009-04-03,0
10779,535,2009-05-02,0
10779,729,2009-05-26,0
10779,662,2009-06-18,1
10779,677,2009-07-24,1
10779,459,2009-08-15,0
10779,566,2009-09-07,0
10779,594,2009-10-01,0
11711,398,2014-05-01,1
11711,472,2014-06-18,1
11711,429,2014-08-02,0
11711,362,2014-09-07,1
11711,287,2014-09-29,1
11711,431,2014-10-25,0
11711,477,2014-11-19,0
10980,289,2006-11-27,1
10980,459,2006-12-31,1
10980,292,2007-02-10,1
10980,234,2007-03-29,0
10980,438,2007-05-16,0
10980,253,2007-05-28,0
11940,1019,2013-07-02,1
11940,1729,2013-07-23,0
11940,1544,2013-08-05,1
11940,1498,2013-08-28,1
11940,1263,2013-10-13,1
11108,748,2000-02-19,1
11108,815,2000-02-29,1
11108,692,2000-03-19,1
11108,860,2000-04-25,0
11108,534,2000-06-08,1
11108,474,2000-06-22,0
11108,694,2000-08-02,0
11621,670,2009-01-24,1
11621,653,2009-03-08,1
11621,637,2009-03-20,1
11621,401,2009-04-04,1
11621,726,2009-04-30,1
11109,1067,2005-12-18,1
11109,1169,2005-12-31,1
11109,1588,2006-01-21,0
11109,1296,2006-02-27,0
11109,983,2006-03-22,0
11109,1267,2006-04-05,1
11159,2131,2010-11-03,1
11159,2299,2010-11-19,0
11159,2445,2010-12-18,1
11159,1628,2010-12-28,1
11159,1831,2011-01-31,0
11159,1611,2011-03-19,1
11159,1753,2011-04-02,1
11159,1374,2011-05-08,1
10090,2313,2001-03-05,1
10090,2298,2001-04-06,0
10090,1628,2001-05-10,1
10090,1605,2001-06-02,0
10090,1784,2001-06-16,0
10090,1783,2001-07-27,0
10090,2165,2001-08-12,1
10090,1416,2001-08-31,0
10564,1907,2003-04-03,0
10564,1473,2003-05-11,0
10564,2503,2003-06-28,0
10564,1728,2003-07-10,0
10564,1357,2003-08-14,0
10564,2667,2003-09-15,0
10564,2061,2003-10-20,1
11736,937,2012-12-30,1
11736,701,2013-02-06,1
11736,879,2013-03-01,0
11736,665,2013-03-22,0
11736,763,2013-05-02,1
11736,867,2013-06-18,1
10569,1096,2009-12-13,1
10569,1104,2009-12-28,1
10569,872,2010-01-19,0
10569,1182,2010-01-29,0
10569,692,2010-03-09,0
10569,1203,2010-04-26,1
10569,973,2010-05-08,0
10569,1128,2010-05-22,0
10569,923,2010-06-30,0
10468,1265,2005-09-03,0
10468,1880,2005-09-16,0
10468,1101,2005-09-27,0
10468,974,2005-11-15,1
10468,1212,2005-11-28,0
10468,1180,2005-12-24,0
10468,1346,2006-02-03,0
10468,1327,2006-02-16,1
10468,1836,2006-03-02,1
11951,1252,2003-11-07,0
11951,1170,2003-11-24,1
11951,1223,2004-01-04,0
11951,737,2004-01-14,1
11951,1237,2004-02-19,1
11951,732,2004-03-03,1
11922,268,2003-01-05,1
11922,335,2003-02-15,1
11922,291,2003-03-18,0
11922,223,2003-05-05,0
11922,215,2003-06-19,1
11922,294,2003-07-12,0
11922,277,2003-08-22,0
11922,328,2003-10-05,1
11922,402,2003-10-24,0
11464,2110,2008-12-10,1
11464,2496,2009-01-06,0
11464,2398,2009-02-11,1
11464,2407,2009-03-28,0
11464,2130,2009-05-07,0
11464,1899,2009-06-16,1
11464,2686,2009-07-09,0
11464,2579,2009-08-09,1
10890,131,2005-08-25,0
10890,126,2005-09-28,0
10890,205,2005-10-23,1
10890,206,2005-11-12,1
10890,131,2005-12-21,0
10890,122,2006-02-03,0
10890,151,2006-03-03,0
10890,154,2006-03-30,0
10890,163,2006-04-14,0
10232,1171,2011-01-20,1
10232,2110,2011-02-23,1
10232,1171,2011-03-08,1
10232,1987,2011-03-20,0
10232,1681,2011-04-04,0
10618,628,2009-12-01,1
10618,501,2010-01-13,0
10618,555,2010-02-11,0
10618,523,2010-02-24,1
10618,435,2010-04-06,0
10618,558,2010-04-28,0
10618,434,2010-05-24,0
10618,481,2010-06-29,1
10618,599,2010-07-30,0
10771,1720,2015-02-10,0
10771,1498,2015-03-16,0
10771,939,2015-04-09,1
10771,1473,2015-05-21,0
10771,1294,2015-06-25,0
10771,1074,2015-07-22,0
10771,1395,2015-08-21,0
10832,1008,2006-12-04,1
10832,647,2007-01-11,1
10832,724,2007-02-25,1
10832,745,2007-03-13,0
10832,940,2007-04-07,0
10832,726,2007-05-11,1
10832,684,2007-06-23,0
10832,657,2007-07-03,0
10308,1076,2006-09-06,0
10308,1584,2006-10-22,1
10308,960,2006-11-23,0
10308,1277,2006-12-18,0
10308,1339,2007-01-08,1
11690,1260,2011-08-08,0
11690,1216,2011-08-23,0
11690,992,2011-09-26,1
11690,977,2011-10-23,0
11690,868,2011-11-16,0
11690,1230,2011-12-16,0
11690,1404,2012-01-02,1
11690,895,2012-02-16,0
11690,882,2012-03-07,1
11839,76,2010-11-05,0
11839,68,2010-12-02,1
11839,102,2011-01-18,0
11839,83,2011-02-11,1
11839,90,2011-03-23,0
11839,100,2011-04-24,0
11839,62,2011-06-06,0
10267,398,2011-10-29,0
10267,351,2011-11-29,1
10267,371,2012-01-02,1
10267,234,2012-02-20,1
10267,268,2012-03-08,0
10267,387,2012-03-20,0
10368,641,2012-04-22,0
10368,946,2012-05-05,1
10368,977,2012-05-22,0
10368,830,2012-06-18,1
10368,821,2012-07-23,0
10368,715,2012-08-23,0
11790,1676,2010-10-07,0
11790,1585,2010-10-25,1
11790,2021,2010-11-23,1
11790,1544,2011-01-11,1
11790,2574,2011-02-03,1
11790,1569,2011-03-14,0
11790,2387,2011-04-06,1
11790,1826,2011-04-18,1
11790,2072,2011-05-13,1
11885,204,2001-10-09,1
11885,198,2001-11-02,1
11885,234,2001-11-19,1
11885,196,2001-12-07,1
11885,204,2002-01-16,0
11885,173,2002-02-08,0
11885,192,2002-03-07,1
11885,178,2002-03-29,1
11931,2031,2001-04-19,0
11931,1759,2001-06-07,1
11931,1921,2001-07-02,0
11931,1897,2001-07-28,1
11931,1176,2001-08-18,0
11931,1584,2001-09-04,1
11931,1966,2001-09-23,1
11057,636,2003-05-23,1
11057,451,2003-06-02,0
11057,700,2003-06-25,0
11057,580,2003-07-18,1
11057,719,2003-08-24,0
11057,418,2003-09-11,1
11057,783,2003-10-10,0
11260,1248,2003-05-10,0
11260,1004,2003-06-10,0
11260,1351,2003-06-27,1
11260,1097,2003-08-01,0
11260,1007,2003-09-06,1
11260,923,2003-09-19,0
11260,897,2003-10-10,0
10054,2011,2004-06-28,1
10054,1625,2004-07-27,1
10054,2607,2004-08-30,1
10054,1462,2004-09-19,0
10054,1868,2004-11-05,0
10054,2098,2004-12-07,0
10054,1957,2005-01-21,1
10054,2462,2005-02-02,0
10054,1550,2005-03-03,1
11546,1335,2009-07-09,0
11546,1588,2009-08-11,1
11546,1375,2009-09-19,0
11546,1461,2009-10-25,1
11546,1578,2009-11-27,1
11546,1287,2010-01-07,1
11546,1373,2010-01-20,0
11546,1320,2010-01-30,0
11546,1348,2010-03-16,0
11934,860,2003-08-08,1
11934,761,2003-08-21,1
11934,1068,2003-10-09,1
11934,879,2003-10-21,1
11934,1006,2003-11-16,1
10630,1340,2014-11-19,0
10630,1543,2014-12-08,0
10630,1478,2014-12-29,0
10630,1318,2015-01-08,0
10630,1427,2015-02-16,1
11066,82,2008-11-14,1
11066,113,2009-01-02,1
11066,99,2009-01-19,1
11066,70,2009-03-09,0
11066,116,2009-04-02,1
10486,162,2014-02-08,0
10486,181,2014-02-26,0
10486,129,2014-04-02,0
10486,170,2014-04-17,0
10486,131,2014-06-05,0
10866,1405,2002-11-08,1
10866,1450,2002-12-15,0
10866,1068,2003-01-21,0
10866,1234,2003-02-13,0
10866,1651,2003-04-01,1
10866,1632,2003-04-12,0
10866,1832,2003-05-03,1
10866,1342,2003-06-19,0
11427,1093,2003-09-22,0
11427,1385,2003-10-29,0
11427,1042,2003-11-11,0
11427,1017,2003-11-27,1
11427,972,2003-12-18,1
11427,1240,2004-01-24,1
11427,884,2004-02-25,0
11427,1580,2004-04-05,0
11427,1638,2004-04-29,1
11245,224,2003-08-03,0
11245,211,2003-08-13,0
11245,186,2003-09-08,0
11245,132,2003-10-17,0
11245,182,2003-11-21,1
11245,148,2003-12-29,0
11245,154,2004-01-14,1
10499,1158,2002-01-19,0
10499,1413,2002-02-12,0
10499,1244,2002-03-05,0
10499,1611,2002-03-29,1
10499,1170,2002-05-16,0
10499,1359,2002-06-27,0
10859,2357,2012-04-10,1
10859,1742,2012-05-24,0
10859,1707,2012-06-19,0
10859,1501,2012-07-20,0
10859,2183,2012-08-04,0
11878,230,2000-02-27,1
11878,208,2000-04-06,1
11878,333,2000-05-13,0
11878,310,2000-05-30,0
11878,219,2000-07-03,0
10182,287,2007-09-22,0
10182,359,2007-10-06,1
10182,265,2007-11-18,0
10182,293,2007-12-07,0
10182,314,2007-12-24,1
10182,421,2008-01-24,1
11315,1604,2007-01-21,1
11315,2387,2007-02-25,1
11315,2134,2007-03-22,1
11315,1887,2007-04-06,1
11315,1574,2007-05-16,1
11315,2497,2007-05-31,1
11315,2000,2007-07-17,0
11315,1522,2007-08-14,1
11315,1867,2007-08-30,0
11182,1116,2001-10-22,1
11182,1960,2001-11-17,0
11182,1096,2001-12-11,1
11182,1501,2002-01-07,1
11182,1093,2002-02-14,0
11182,1778,2002-03-15,0
11182,1532,2002-04-15,0
11182,1180,2002-05-03,1
11935,589,2001-02-03,1
11935,729,2001-02-22,0
11935,509,2001-03-30,1
11935,943,2001-04-29,1
11935,515,2001-06-08,1
11935,941,2001-07-02,1
10689,1822,2009-09-10,0
10689,2427,2009-10-25,0
10689,1955,2009-11-08,1
10689,2789,2009-11-19,0
10689,2394,2009-12-08,0
10689,2802,2010-01-21,0
10689,2616,2010-02-20,0
10689,1702,2010-03-06,0
10689,2415,2010-03-29,0
10296,1266,2008-08-10,1
10296,1281,2008-09-01,0
10296,839,2008-10-18,1
10296,831,2008-11-01,1
10296,1193,2008-12-07,1
10296,1438,2009-01-12,0
10296,885,2009-02-11,1
11123,1582,2007-02-10,1
11123,2168,2007-03-03,1
11123,2329,2007-04-02,1
11123,1696,2007-04-17,0
11123,1869,2007-06-04,0
11123,2727,2007-07-13,0
11819,640,2000-08-26,1
11819,762,2000-09-17,1
11819,898,2000-10-24,1
11819,463,2000-11-22,1
11819,815,2001-01-05,1
11819,699,2001-01-30,0
11961,1950,2010-09-05,1
11961,1743,2010-10-17,0
11961,1751,2010-11-17,0
11961,1200,2010-12-21,0
11961,1338,2011-01-30,1
11961,1863,2011-02-19,0
11961,1527,2011-03-10,1
11961,2105,2011-04-01,0
11961,2119,2011-04-26,1
10936,918,2007-05-19,0
10936,838,2007-06-21,0
10936,1047,2007-07-24,1
10936,811,2007-08-21,0
10936,776,2007-08-31,0
11779,891,2007-04-07,1
11779,684,2007-04-28,0
11779,1000,2007-06-01,0
11779,902,2007-06-17,1
11779,940,2007-07-20,1
11779,645,2007-09-05,1
11779,582,2007-10-13,0
11779,920,2007-11-14,1
11529,862,2012-04-09,0
11529,787,2012-04-24,1
11529,745,2012-05-18,0
11529,866,2012-05-30,0
11529,1008,2012-07-15,1
11529,1096,2012-08-21,0
10696,2152,2005-11-10,1
10696,2141,2005-12-06,0
10696,1976,2005-12-24,1
10696,1405,2006-01-28,0
10696,1556,2006-02-13,0
10696,1268,2006-03-17,0
10696,1307,2006-04-02,0
10696,1809,2006-05-14,1
10890,1038,2008-11-27,0
10890,570,2008-12-10,0
10890,870,2009-01-05,1
10890,652,2009-02-20,1
10890,703,2009-04-02,1
10890,1005,2009-04-14,0
10890,1011,2009-05-22,1
10890,648,2009-06-28,1
11264,1568,2010-05-01,0
11264,1178,2010-06-17,1
11264,1747,2010-06-28,0
11264,1170,2010-07-10,1
11264,1663,2010-08-24,0
11264,1793,2010-09-15,1
11264,1092,2010-10-13,0
11079,1439,2002-11-06,1
11079,1555,2002-12-12,1
11079,989,2003-01-18,0
11079,1702,2003-02-26,1
11079,1451,2003-04-02,1
11079,1842,2003-05-20,1
11079,1526,2003-06-11,1
11079,1334,2003-06-26,1
11079,1703,2003-07-07,1
11205,1924,2013-09-09,1
11205,2063,2013-09-19,1
11205,2395,2013-11-01,1
11205,1800,2013-12-01,1
11205,1850,2014-01-03,0
11548,546,2001-02-20,1
11548,504,2001-03-16,0
11548,498,2001-04-02,0
11548,423,2001-05-18,1
11548,334,2001-06-19,0
11548,368,2001-07-03,0
11548,576,2001-07-14,0
11548,512,2001-07-30,1
10821,1283,2014-08-11,0
10821,1612,2014-08-23,0
10821,1332,2014-09-09,1
10821,1310,2014-10-27,1
10821,1811,2014-12-02,0
10821,1034,2014-12-25,1
10251,697,2008-05-03,1
10251,775,2008-05-21,1
10251,399,2008-06-07,1
10251,597,2008-07-02,1
10251,766,2008-07-27,1
10357,198,2000-04-13,0
10357,177,2000-05-18,1
10357,270,2000-07-04,1
10357,191,2000-07-15,1
10357,144,2000-07-25,1
10636,1509,2003-10-04,0
10636,2223,2003-11-16,1
10636,2613,2003-12-24,1
10636,1664,2004-01-15,0
10636,2535,2004-02-23,0
10636,1855,2004-03-06,0
10636,1560,2004-04-03,0
10636,2186,2004-05-20,0
10636,2035,2004-07-05,0
10454,1398,2003-12-10,0
10454,1682,2004-01-05,1
10454,2177,2004-01-31,1
10454,1875,2004-02-10,0
10454,1555,2004-02-28,0
10454,2669,2004-03-29,1
10454,2563,2004-05-12,1
10454,1687,2004-05-22,1
11437,437,2015-01-23,1
11437,374,2015-03-08,1
11437,241,2015-03-23,1
11437,329,2015-04-05,0
11437,448,2015-04-30,1
11836,767,2003-02-04,0
11836,1052,2003-03-12,0
11836,899,2003-04-19,0
11836,954,2003-06-07,1
11836,648,2003-06-30,1
11836,874,2003-07-12,1
10126,211,2009-12-10,1
10126,279,2009-12-21,1
10126,259,2010-01-23,0
10126,334,2010-03-05,0
10126,258,2010-03-29,1
10126,325,2010-05-15,1
10126,290,2010-05-25,0
10126,303,2010-06-13,1
10126,334,2010-06-23,1
11374,1965,2013-05-14,1
11374,1924,2013-06-06,0
11374,1140,2013-06-28,1
11374,1155,2013-07-11,0
11374,1246,2013-08-18,0
11374,1824,2013-09-13,1
11374,1701,2013-10-21,0
11374,1779,2013-11-26,1
11374,1942,2013-12-08,0
10547,1541,2011-08-24,0
10547,1992,2011-09-08,0
10547,1923,2011-09-23,0
10547,2054,2011-10-29,1
10547,2305,2011-12-12,0
10547,1681,2011-12-26,1
10547,1240,2012-01-07,0
10547,2211,2012-01-23,0
10547,1642,2012-02-03,0
11806,472,2004-04-08,1
11806,602,2004-05-26,1
11806,701,2004-06-12,0
11806,602,2004-07-22,0
11806,661,2004-08-10,1
11806,545,2004-09-08,1
11806,664,2004-10-04,1
11806,821,2004-11-20,0
10079,1031,2010-05-20,1
10079,1427,2010-06-09,0
10079,1516,2010-06-21,0
10079,1047,2010-07-21,1
10079,967,2010-09-08,1
10079,1197,2010-10-03,0
10079,1565,2010-10-14,1
10079,1392,2010-11-05,0
10173,1025,2006-08-20,1
10173,958,2006-09-12,1
10173,1186,2006-10-12,1
10173,1455,2006-10-29,0
10173,1054,2006-11-30,1
10173,1344,2006-12-13,0
10173,1510,2007-01-17,1
11518,1549,2000-05-21,1
11518,958,2000-07-07,1
11518,1627,2000-08-10,1
11518,1085,2000-09-20,1
11518,1640,2000-11-04,0
11518,1728,2000-12-21,1
11518,1504,2001-01-23,0
11518,1728,2001-02-11,0
11518,1261,2001-03-14,0
10809,1610,2003-03-02,1
10809,1207,2003-04-15,0
10809,1173,2003-05-11,1
10809,1423,2003-06-15,0
10809,972,2003-07-13,1
10809,1609,2003-07-30,1
10809,1207,2003-08-17,0
10965,1795,2013-02-18,0
10965,2313,2013-04-08,0
10965,2738,2013-04-25,0
10965,2107,2013-05-19,0
10965,2525,2013-06-29,1
10965,1905,2013-07-09,0
10965,2030,2013-07-20,0
10965,1743,2013-09-01,0
10965,2269,2013-10-13,1
10335,508,2007-10-17,1
10335,427,2007-11-10,1
10335,428,2007-12-28,1
10335,333,2008-02-11,1
10335,424,2008-03-29,1
10335,331,2008-05-10,0
10335,259,2008-06-27,0
10503,744,2001-12-04,0
10503,969,2002-01-06,0
10503,575,2002-01-21,1
10503,1067,2002-02-11,0
10503,969,2002-02-26,0
10503,981,2002-03-18,1
10503,1097,2002-04-21,0
10503,599,2002-05-08,1
11096,1477,2004-12-03,0
11096,911,2005-01-09,0
11096,1116,2005-02-25,1
11096,1336,2005-03-30,1
11096,1234,2005-04-15,0
11096,1390,2005-05-18,0
11096,1148,2005-06-07,0
10112,98,2004-11-02,0
10112,163,2004-11-22,1
10112,150,2005-01-09,1
10112,159,2005-02-18,1
10112,176,2005-03-05,1
10112,164,2005-04-01,1
11871,521,2005-05-09,1
11871,861,2005-06-27,1
11871,810,2005-07-08,0
11871,572,2005-08-24,0
11871,596,2005-09-19,1
11871,644,2005-10-19,1
11871,740,2005-11-26,0
11871,948,2006-01-12,1
11871,533,2006-02-11,1
11523,693,2003-03-03,0
11523,896,2003-04-21,0
11523,672,2003-05-05,0
11523,850,2003-06-18,0
11523,897,2003-07-20,1
11523,547,2003-08-12,1
11523,957,2003-09-20,0
11523,775,2003-11-07,1
11683,2075,2008-08-11,1
11683,1764,2008-08-26,0
11683,1717,2008-10-01,1
11683,2435,2008-11-02,0
11683,1526,2008-12-04,0
10868,1302,2008-05-26,1
10868,1533,2008-06-05,1
10868,1497,2008-06-19,1
10868,1223,2008-08-04,1
10868,1779,2008-09-15,0
10868,1638,2008-10-21,1
10868,1684,2008-11-19,1
10868,1771,2008-12-04,1
11252,352,2011-11-22,1
11252,236,2012-01-09,0
11252,236,2012-02-22,0
11252,326,2012-03-21,0
11252,360,2012-04-11,0
11252,315,2012-04-27,0
11252,267,2012-05-25,0
11252,265,2012-07-06,1
11813,1189,2002-02-22,0
11813,1337,2002-03-08,1
11813,1265,2002-03-18,0
11813,1163,2002-04-20,0
11813,1449,2002-06-07,0
10883,126,2012-11-09,1
10883,185,2012-12-16,1
10883,111,2013-01-08,0
10883,146,2013-01-28,1
10883,112,2013-02-10,1
10883,177,2013-03-16,0
10883,189,2013-04-24,0
10883,114,2013-05-31,0
11968,2167,2006-02-23,1
11968,1491,2006-03-19,0
11968,1619,2006-04-16,1
11968,1960,2006-05-02,1
11968,1937,2006-05-19,0
11968,1857,2006-06-21,1
11222,1771,2013-09-02,0
11222,1765,2013-09-26,0
11222,1283,2013-11-09,1
11222,1511,2013-12-27,1
11222,1397,2014-02-09,0
11222,1199,2014-03-29,0
11222,982,2014-04-14,0
10869,109,2010-11-23,1
10869,134,2010-12-05,0
10869,121,2010-12-21,1
10869,77,2011-02-04,1
10869,89,2011-03-12,0
10869,82,2011-04-11,1
11000,2238,2012-07-21,0
11000,1560,2012-08-12,0
11000,2024,2012-09-04,0
11000,1598,2012-10-13,0
11000,2346,2012-11-12,1
11000,1532,2012-11-30,0
11000,1711,2013-01-18,1
10768,698,2004-04-26,0
10768,709,2004-06-01,1
10768,667,2004-06-14,0
10768,788,2004-06-29,1
10768,612,2004-08-15,0
10768,645,2004-09-19,0
11003,501,2009-09-10,1
11003,500,2009-09-25,1
11003,557,2009-11-01,1
11003,403,2009-12-20,1
11003,434,2010-01-17,1
11377,1337,2004-07-27,0
11377,1328,2004-09-10,1
11377,1418,2004-10-06,0
11377,1014,2004-10-25,1
11377,1459,2004-11-10,0
11377,1435,2004-11-28,1
11377,916,2005-01-04,0
11377,1341,2005-01-28,1
11377,1743,2005-02-27,1
11169,751,2007-07-06,1
11169,706,2007-08-20,1
11169,779,2007-10-05,1
11169,491,2007-11-01,0
11169,792,2007-12-18,1
11169,858,2007-12-30,1
11169,668,2008-02-02,0
11449,1485,2007-02-01,1
11449,1518,2007-03-20,0
11449,2009,2007-04-07,1
11449,1804,2007-05-16,0
11449,1919,2007-06-28,0
11449,1796,2007-08-16,1
10351,2573,2000-06-26,0
10351,2312,2000-07-10,0
10351,2471,2000-07-31,1
10351,2095,2000-09-10,0
10351,2655,2000-09-24,0
10351,2046,2000-11-07,1
10351,1760,2000-11-27,1
10056,606,2013-04-23,1
10056,338,2013-05-12,0
10056,315,2013-06-04,0
10056,552,2013-06-28,1
10056,563,2013-08-10,0
10056,507,2013-09-17,0
10056,326,2013-10-07,1
10056,517,2013-10-21,0
10521,1894,2002-06-05,0
10521,1958,2002-07-14,1
10521,2122,2002-08-17,0
10521,1780,2002-09-05,1
10521,1568,2002-10-21,1
10521,1425,2002-11-03,1
10521,1408,2002-12-10,0
10688,1677,2005-06-04,0
10688,1451,2005-07-20,0
10688,1029,2005-07-31,0
10688,957,2005-08-12,0
10688,1304,2005-09-26,1
10688,1609,2005-10-08,0
10688,1223,2005-10-28,0
10688,1447,2005-12-12,0
10688,1682,2005-12-27,0
10318,1427,2004-09-04,1
10318,1408,2004-09-22,1
10318,1998,2004-10-28,0
10318,1900,2004-11-24,1
10318,1765,2004-12-18,0
10318,1502,2005-01-13,0
10318,1946,2005-02-22,0
10318,1669,2005-03-19,0
10529,1258,2001-10-01,1
10529,1996,2001-10-15,1
10529,1199,2001-11-22,0
10529,1153,2002-01-08,1
10529,1935,2002-01-27,0
10529,1423,2002-03-08,0
10529,1785,2002-04-11,0
10529,1591,2002-05-02,0
10529,1998,2002-06-18,0
11345,1469,2006-09-17,1
11345,2203,2006-10-21,1
11345,2690,2006-11-29,1
11345,2102,2007-01-13,0
11345,2282,2007-02-01,0
11345,2487,2007-03-14,0
11345,2803,2007-03-28,0
11345,2504,2007-05-03,0
11345,2004,2007-05-30,1
10361,64,2001-06-06,1
10361,97,2001-06-27,0
10361,73,2001-08-05,0
10361,100,2001-08-20,0
10361,73,2001-10-06,1
10361,90,2001-11-07,0
10361,57,2001-11-22,0
10361,60,2001-12-05,1
10485,1223,2005-02-08,1
10485,936,2005-02-20,1
10485,838,2005-04-10,0
10485,1112,2005-05-17,1
10485,729,2005-06-24,1
10485,1373,2005-07-18,1
10485,955,2005-08-15,0
10485,1022,2005-08-29,0
10485,948,2005-10-08,0
10937,2619,2013-04-09,0
10937,2254,2013-05-16,1
10937,1925,2013-05-31,1
10937,1526,2013-06-23,1
10937,1974,2013-07-13,1
10937,1542,2013-08-16,1
10937,1922,2013-09-01,1
10937,1690,2013-09-11,1
10937,1865,2013-10-03,0
10030,1328,2011-02-25,1
10030,1118,2011-03-27,0
10030,717,2011-04-22,0
10030,986,2011-05-07,0
10030,1011,2011-05-23,0
10030,1413,2011-06-16,0
10030,934,2011-07-24,0
10030,1047,2011-09-04,1
10030,1361,2011-10-11,0
11373,1776,2011-09-24,0
11373,1455,2011-10-09,1
11373,1248,2011-11-08,0
11373,1719,2011-12-08,1
11373,1007,2012-01-12,1
11373,1724,2012-02-26,1
11373,1126,2012-04-14,0
11373,1463,2012-04-24,0
10909,1470,2002-11-23,1
10909,1974,2002-12-13,0
10909,1628,2002-12-23,1
10909,1637,2003-02-09,1
10909,1232,2003-03-22,0
11890,1370,2000-07-04,0
11890,2010,2000-08-15,0
11890,1636,2000-09-23,1
11890,2046,2000-10-07,1
11890,1926,2000-10-22,0
10888,1436,2005-08-26,0
10888,1197,2005-09-20,0
10888,1467,2005-11-01,0
10888,1496,2005-12-09,0
10888,1231,2006-01-19,1
10940,1390,2000-08-24,1
10940,1221,2000-09-07,0
10940,1193,2000-10-12,1
10940,1206,2000-11-04,0
10940,1413,2000-12-13,1
10940,1024,2000-12-26,1
11160,549,2010-11-18,0
11160,589,2010-12-31,1
11160,769,2011-01-25,1
11160,545,2011-02-26,1
11160,567,2011-04-13,0
11330,744,2004-11-11,1
11330,925,2004-12-04,1
11330,1289,2004-12-23,0
11330,1215,2005-01-28,1
11330,1080,2005-02-20,0
11330,1074,2005-03-23,0
11996,619,2009-07-03,0
11996,818,2009-08-18,0
11996,730,2009-09-26,1
11996,739,2009-10-10,1
11996,616,2009-11-23,0
11996,531,2010-01-10,0
11996,806,2010-02-12,0
11996,677,2010-03-16,0
11276,1660,2012-08-10,0
11276,2344,2012-09-28,1
11276,1389,2012-10-29,0
11276,2661,2012-12-01,1
11276,1768,2013-01-15,0
11276,2658,2013-02-24,1
11276,1737,2013-04-04,1
11922,787,2000-08-06,0
11922,802,2000-09-19,1
11922,1228,2000-10-10,1
11922,1232,2000-11-08,1
11922,1356,2000-12-01,1
11922,1104,2001-01-09,0
10887,419,2008-08-08,1
10887,449,2008-09-11,1
10887,496,2008-09-29,1
10887,320,2008-10-29,1
10887,457,2008-11-24,0
10504,613,2002-12-29,1
10504,913,2003-01-13,1
10504,512,2003-02-24,1
10504,952,2003-03-17,0
10504,846,2003-04-26,1
10504,937,2003-06-03,0
10504,762,2003-07-13,0
10504,752,2003-08-05,1
10175,251,2004-11-16,1
10175,193,2005-01-04,1
10175,351,2005-01-24,0
10175,210,2005-02-18,1
10175,232,2005-04-03,0
10763,240,2002-09-06,0
10763,309,2002-10-01,0
10763,261,2002-10-15,0
10763,232,2002-11-08,0
10763,332,2002-12-12,0
10763,184,2003-01-08,0
10763,327,2003-02-07,0
10763,220,2003-03-13,1
10454,151,2008-05-28,1
10454,136,2008-06-09,0
10454,126,2008-06-29,1
10454,122,2008-07-13,1
10454,176,2008-08-10,1
11043,266,2013-02-27,0
11043,285,2013-03-09,0
11043,333,2013-03-31,1
11043,428,2013-04-15,1
11043,318,2013-05-09,1
11043,295,2013-05-24,0
11399,1315,2013-05-17,0
11399,1437,2013-06-07,1
11399,1158,2013-07-22,1
11399,1414,2013-08-13,0
11399,1155,2013-09-13,0
11399,797,2013-10-20,0
10793,130,2010-03-25,0
10793,165,2010-04-24,1
10793,140,2010-05-14,1
10793,121,2010-06-22,0
10793,125,2010-07-15,1
10793,126,2010-07-31,1
10793,177,2010-08-14,1
10793,124,2010-09-27,0
11969,1606,2003-10-29,0
11969,1142,2003-11-13,1
11969,1792,2003-12-09,1
11969,1086,2004-01-07,1
11969,1994,2004-01-17,0
11969,1738,2004-02-13,0
11991,979,2011-06-19,1
11991,1068,2011-07-17,1
11991,877,2011-08-28,0
11991,1051,2011-10-08,0
11991,729,2011-10-21,0
11991,650,2011-11-01,0
11991,652,2011-11-22,0
11414,1918,2006-04-09,0
11414,1860,2006-05-03,0
11414,1655,2006-06-07,1
11414,1809,2006-06-30,1
11414,1996,2006-08-11,1
11455,378,2007-06-14,0
11455,423,2007-07-20,0
11455,375,2007-08-29,1
11455,281,2007-10-14,0
11455,389,2007-11-29,0
11455,274,2007-12-16,0
11455,392,2007-12-28,0
11455,333,2008-01-29,0
11455,269,2008-02-29,0
10339,1274,2012-06-11,1
10339,911,2012-06-30,1
10339,769,2012-07-17,0
10339,725,2012-08-08,0
10339,1418,2012-08-19,1
10339,786,2012-09-12,0
10339,763,2012-10-09,0
10339,1064,2012-10-26,1
10339,1408,2012-12-09,0
10842,2249,2011-04-10,0
10842,2343,2011-05-20,1
10842,1532,2011-07-04,1
10842,1963,2011-08-06,0
10842,1640,2011-09-01,0
10842,1411,2011-09-22,0
10842,1762,2011-10-20,0
10842,2255,2011-12-05,1
10842,1421,2011-12-18,0
10695,280,2004-11-09,0
10695,309,2004-11-22,1
10695,306,2004-12-08,0
10695,421,2004-12-31,1
10695,437,2005-02-11,0
10695,429,2005-03-08,1
10695,334,2005-03-27,0
10695,452,2005-05-03,0
10695,423,2005-06-09,0
10879,1467,2014-01-29,0
10879,1126,2014-02-26,0
10879,1286,2014-04-14,1
10879,1441,2014-05-01,0
10879,1019,2014-06-02,0
10879,1363,2014-07-15,0
10879,945,2014-07-27,0
10309,318,2006-09-05,1
10309,250,2006-10-12,1
10309,190,2006-11-28,1
10309,285,2006-12-18,0
10309,227,2007-01-20,0
10577,2179,2008-11-06,1
10577,1488,2008-12-04,1
10577,1155,2009-01-08,0
10577,1405,2009-02-26,0
10577,1734,2009-03-22,0
10577,1833,2009-04-20,0
10577,1896,2009-06-05,1
10830,2691,2004-03-22,0
10830,1990,2004-04-09,0
10830,2407,2004-04-28,0
10830,1661,2004-05-19,0
10830,1503,2004-06-29,1
10730,1277,2004-04-16,1
10730,918,2004-05-06,1
10730,1177,2004-06-24,0
10730,1438,2004-07-31,1
10730,1079,2004-09-13,1
10730,1086,2004-11-01,1
10730,1343,2004-11-15,0
10730,1395,2004-12-25,0
11401,2312,2009-02-08,0
11401,2069,2009-03-24,0
11401,2052,2009-04-13,1
11401,2330,2009-05-07,1
11401,2854,2009-06-09,1
11401,2762,2009-06-23,1
11401,2463,2009-07-31,1
11401,2266,2009-09-15,0
11401,2670,2009-10-01,1
10386,1792,2004-11-03,0
10386,1372,2004-11-24,1
10386,1919,2004-12-08,1
10386,1720,2005-01-04,1
10386,1058,2005-02-11,1
10386,1680,2005-02-28,0
10386,1265,2005-03-27,0
10176,1400,2003-07-28,0
10176,1319,2003-08-15,1
10176,2161,2003-08-31,0
10176,1476,2003-09-22,1
10176,2032,2003-11-09,0
10176,1858,2003-12-28,0
11261,747,2007-11-05,1
11261,506,2007-12-03,1
11261,697,2008-01-08,1
11261,670,2008-01-20,1
11261,691,2008-02-11,0
11261,919,2008-03-05,1
11261,816,2008-04-04,1
11261,763,2008-05-20,0
11492,2167,2004-05-02,1
11492,2279,2004-05-25,0
11492,1590,2004-07-03,1
11492,1307,2004-07-18,1
11492,1710,2004-08-02,0
11492,1237,2004-09-02,0
11492,1805,2004-10-15,1
11492,1672,2004-11-14,1
11492,1426,2004-12-29,0
10591,1069,2003-03-14,1
10591,1403,2003-04-30,1
10591,1054,2003-06-12,0
10591,1113,2003-06-25,0
10591,1569,2003-07-17,0
10591,1246,2003-08-14,0
10029,1780,2009-08-01,0
10029,1414,2009-09-08,0
10029,1612,2009-10-17,1
10029,1518,2009-12-03,0
10029,1816,2009-12-26,1
10029,1491,2010-01-16,0
10029,1245,2010-01-27,0
10986,97,2010-01-27,1
10986,73,2010-02-26,1
10986,81,2010-04-16,1
10986,82,2010-05-12,1
10986,124,2010-06-20,1
10986,124,2010-08-05,0
10986,93,2010-08-23,1
11822,249,2011-09-03,0
11822,267,2011-09-21,0
11822,253,2011-10-10,0
11822,170,2011-11-05,0
11822,192,2011-11-21,0
10569,314,2011-12-18,0
10569,309,2012-01-15,0
10569,359,2012-02-29,0
10569,316,2012-04-10,1
10569,294,2012-05-18,0
10569,289,2012-06-30,0
10569,246,2012-07-31,1
10569,330,2012-09-06,0
10902,1118,2012-04-08,1
10902,942,2012-04-27,0
10902,1643,2012-05-07,1
10902,966,2012-06-03,1
10902,937,2012-07-15,0
10902,1533,2012-08-02,1
10902,1466,2012-09-14,1
10757,1777,2011-06-21,0
10757,1271,2011-08-06,1
10757,1596,2011-09-12,1
10757,1685,2011-09-22,1
10757,1039,2011-10-15,1
10757,1649,2011-11-11,1
10757,1001,2011-12-26,0
10395,1064,2005-01-08,1
10395,668,2005-01-18,0
10395,809,2005-02-27,0
10395,1051,2005-03-20,1
10395,607,2005-04-30,1
10395,1090,2005-06-15,1
10520,239,2009-03-18,0
10520,405,2009-05-06,0
10520,366,2009-05-18,0
10520,411,2009-06-08,1
10520,327,2009-07-25,1
10520,314,2009-09-02,0
10520,365,2009-10-09,0
10520,308,2009-11-13,1
10995,792,2005-11-25,1
10995,437,2005-12-07,0
10995,558,2005-12-29,1
10995,528,2006-02-07,0
10995,487,2006-03-12,0
11562,72,2002-04-26,1
11562,115,2002-05-25,1
11562,73,2002-07-04,0
11562,142,2002-08-14,1
11562,137,2002-09-09,1
11270,1786,2003-04-18,1
11270,1385,2003-05-18,0
11270,2083,2003-06-06,1
11270,2282,2003-07-15,1
11270,1985,2003-08-10,1
11270,1713,2003-09-07,0
11270,2342,2003-10-04,0
11270,1484,2003-10-29,1
11270,2286,2003-12-05,0
11050,73,2002-02-27,0
11050,90,2002-03-27,0
11050,62,2002-04-19,0
11050,69,2002-05-06,0
11050,95,2002-06-08,0
11050,112,2002-06-30,0
11050,67,2002-08-07,0
11050,86,2002-09-22,0
11050,67,2002-11-09,1
10384,1589,2003-08-26,1
10384,1066,2003-10-12,1
10384,1616,2003-10-23,0
10384,1136,2003-11-18,1
10384,1542,2003-12-03,1
10384,952,2003-12-30,0
10384,1041,2004-01-21,0
10384,1023,2004-03-03,1
11189,1420,2003-09-08,0
11189,1524,2003-10-11,1
11189,1711,2003-11-19,1
11189,1393,2004-01-05,0
11189,1972,2004-01-30,0
11189,2061,2004-03-14,1
11189,1449,2004-04-05,1
10969,1937,2010-05-19,0
10969,1772,2010-06-14,0
10969,1788,2010-07-29,0
10969,1836,2010-08-29,0
10969,1783,2010-09-10,0
10969,1483,2010-10-11,0
10969,2071,2010-11-16,0
10969,1856,2011-01-04,1
11335,2318,2014-10-03,1
11335,1765,2014-11-02,1
11335,2333,2014-12-11,1
11335,2285,2015-01-26,1
11335,1302,2015-02-16,0
11335,1282,2015-02-26,0
10693,85,2002-06-16,0
10693,96,2002-07-16,0
10693,108,2002-08-29,1
10693,124,2002-10-04,1
10693,84,2002-11-15,0
10693,138,2002-12-16,1
11488,912,2007-11-25,1
11488,1119,2008-01-13,1
11488,1338,2008-01-24,0
11488,1559,2008-03-05,1
11488,1079,2008-04-23,0
11488,1302,2008-05-11,1
11488,1106,2008-06-22,0
11488,1280,2008-07-03,1
11843,1668,2014-10-17,1
11843,2106,2014-11-26,0
11843,1457,2014-12-12,1
11843,1963,2015-01-19,0
11843,2174,2015-02-19,0
11843,2475,2015-03-11,1
11365,2030,2003-02-20,0
11365,2263,2003-03-10,0
11365,1558,2003-04-28,1
11365,1421,2003-05-27,1
11365,2420,2003-06-06,0
11365,1413,2003-07-06,0
11365,1439,2003-08-07,1
11033,1401,2011-01-28,1
11033,1513,2011-03-06,0
11033,1810,2011-04-13,1
11033,1875,2011-04-25,1
11033,1640,2011-05-05,1
11033,2029,2011-06-15,0
10840,347,2012-02-15,0
10840,410,2012-03-29,1
10840,301,2012-04-23,1
10840,257,2012-05-23,0
10840,239,2012-07-10,1
10840,313,2012-08-12,1
10840,263,2012-09-06,1
10840,386,2012-09-29,0
10192,801,2006-10-16,1
10192,601,2006-12-01,0
10192,688,2007-01-16,0
10192,861,2007-02-26,1
10192,534,2007-04-16,1
10192,525,2007-05-29,1
10192,604,2007-07-03,1
10192,629,2007-07-20,0
10144,613,2007-09-05,0
10144,373,2007-09-17,1
10144,427,2007-10-27,0
10144,629,2007-11-28,1
10144,612,2007-12-31,0
10144,400,2008-02-08,1
10144,398,2008-03-16,0
10882,2276,2013-11-30,0
10882,1724,2013-12-31,1
10882,1215,2014-02-16,0
10882,1289,2014-02-28,0
10882,1824,2014-03-25,1
10882,2294,2014-05-03,0
10882,1430,2014-06-14,1
11681,2351,2005-01-01,0
11681,1778,2005-02-17,1
11681,1379,2005-04-05,0
11681,2351,2005-04-17,1
11681,2556,2005-05-04,1
11681,1971,2005-05-23,1
11681,1400,2005-06-24,1
11681,1725,2005-07-11,1
11681,1620,2005-07-27,0
10550,1246,2001-02-25,0
10550,1070,2001-03-19,0
10550,1280,2001-04-08,1
10550,1405,2001-05-15,0
10550,1652,2001-06-13,1
10550,1208,2001-07-01,0
10550,1582,2001-08-07,1
10550,1107,2001-09-18,0
10550,1813,2001-10-04,0
11283,1393,2013-05-02,1
11283,1244,2013-05-30,0
11283,1326,2013-06-10,1
11283,1370,2013-07-25,0
11283,1161,2013-08-27,0
11283,805,2013-10-03,0
10399,2006,2002-01-15,0
10399,1839,2002-02-07,0
10399,1493,2002-03-13,0
10399,2600,2002-04-20,0
10399,1772,2002-05-13,0
10399,1341,2002-06-05,1
10399,1998,2002-06-15,1
10399,2617,2002-07-16,0
11886,860,2005-11-28,1
11886,967,2005-12-09,1
11886,1114,2006-01-04,0
11886,750,2006-02-03,0
11886,939,2006-03-08,0
11886,647,2006-03-26,1
11331,1479,2013-01-25,0
11331,1421,2013-03-15,1
11331,1544,2013-04-28,0
11331,1371,2013-05-21,1
11331,928,2013-06-11,0
11630,2376,2014-10-01,1
11630,1263,2014-10-29,0
11630,1597,2014-11-08,0
11630,2016,2014-12-01,1
11630,1329,2015-01-06,1
11630,2254,2015-01-17,1
11630,2211,2015-01-27,0
11630,1905,2015-03-03,0
11630,2393,2015-04-19,1
11029,2163,2008-09-29,1
11029,2008,2008-10-11,1
11029,1754,2008-11-12,1
11029,1941,2008-11-30,1
11029,2162,2008-12-24,0
11816,920,2014-12-18,0
11816,612,2015-01-22,1
11816,608,2015-03-10,0
11816,895,2015-04-18,0
11816,763,2015-05-22,0
10938,868,2005-12-06,1
10938,1123,2006-01-18,0
10938,1002,2006-02-08,0
10938,1038,2006-02-19,0
10938,1161,2006-04-09,0
10938,804,2006-05-15,0
10167,957,2004-08-01,0
10167,787,2004-08-13,0
10167,547,2004-09-05,0
10167,875,2004-09-30,1
10167,609,2004-10-31,1
10167,745,2004-11-19,0
10167,946,2005-01-01,0
11095,2103,2013-07-29,1
11095,2295,2013-09-08,0
11095,1486,2013-10-16,1
11095,1445,2013-10-27,1
11095,2056,2013-12-14,1
11213,1077,2002-04-04,1
11213,1677,2002-05-12,0
11213,952,2002-05-22,0
11213,925,2002-06-09,1
11213,1650,2002-07-15,1
11194,1926,2000-10-26,0
11194,2038,2000-11-05,0
11194,1648,2000-12-13,1
11194,1596,2001-01-29,0
11194,2198,2001-03-11,0
11194,1346,2001-04-14,0
11194,2285,2001-05-11,0
10119,1132,2006-08-26,0
10119,1032,2006-09-23,0
10119,604,2006-10-21,0
10119,823,2006-11-17,1
10119,885,2006-12-22,0
10119,1023,2007-01-24,1
10119,853,2007-02-20,1
10119,824,2007-03-03,1
10119,805,2007-03-27,0
10165,544,2008-12-08,1
10165,618,2009-01-24,1
10165,589,2009-02-18,1
10165,650,2009-03-08,0
10165,425,2009-03-25,0
10165,554,2009-05-01,1
10165,513,2009-06-07,1
11961,420,2005-10-19,1
11961,485,2005-11-19,0
11961,352,2005-12-10,0
11961,663,2006-01-23,1
11961,372,2006-02-19,0
11961,685,2006-03-26,0
11961,441,2006-04-25,0
11961,619,2006-05-06,1
10325,1231,2013-07-07,1
10325,2003,2013-07-26,0
10325,1135,2013-09-02,1
10325,2028,2013-10-12,1
10325,1893,2013-11-19,1
10325,1111,2013-12-01,1
11771,1307,2011-07-23,1
11771,1759,2011-08-21,1
11771,1682,2011-09-21,1
11771,1577,2011-10-01,0
11771,1913,2011-10-19,0
11771,1834,2011-11-28,0
11771,1485,2012-01-10,1
11771,2325,2012-02-06,1
11771,1863,2012-03-19,0
10366,247,2003-12-15,1
10366,200,2004-01-04,0
10366,192,2004-02-02,1
10366,261,2004-03-09,0
10366,204,2004-03-23,1
10366,179,2004-04-02,1
10366,205,2004-04-25,1
10449,1690,2007-11-20,0
10449,2709,2007-12-25,0
10449,2493,2008-01-24,0
10449,1593,2008-03-09,1
10449,2482,2008-04-24,0
10449,1817,2008-05-12,0
10449,1486,2008-05-30,0
10449,2518,2008-06-18,1
10997,976,2003-05-30,0
10997,1695,2003-07-02,0
10997,1193,2003-08-02,1
10997,1559,2003-09-09,1
10997,1196,2003-10-19,0
11003,555,2000-12-19,0
11003,721,2001-01-06,1
11003,447,2001-02-08,1
11003,468,2001-02-20,0
11003,651,2001-03-15,0
11003,507,2001-04-20,0
11003,425,2001-05-03,1
10142,1023,2005-04-17,1
10142,1494,2005-05-19,0
10142,917,2005-06-24,1
10142,1426,2005-08-05,0
10142,1498,2005-09-08,1
11472,255,2008-04-06,1
11472,163,2008-05-03,0
11472,199,2008-05-29,1
11472,237,2008-06-08,1
11472,241,2008-07-10,1
11035,613,2010-09-30,0
11035,779,2010-11-12,0
11035,846,2010-12-23,0
11035,1002,2011-01-27,1
11035,782,2011-03-04,1
11035,903,2011-03-26,1
11035,844,2011-04-11,0
11312,776,2004-10-21,0
11312,1099,2004-12-05,1
11312,1136,2005-01-23,1
11312,650,2005-02-15,1
11312,979,2005-03-08,0
11312,981,2005-04-01,1
11312,743,2005-05-10,0
11312,1061,2005-06-03,1
11894,932,2003-08-14,1
11894,1083,2003-09-16,1
11894,1036,2003-10-19,1
11894,798,2003-11-05,1
11894,1124,2003-12-22,0
11894,744,2004-01-20,1
11894,1212,2004-03-01,0
11894,689,2004-03-27,1
11894,1172,2004-05-14,1
11357,1035,2001-12-13,1
11357,1758,2002-01-01,1
11357,1738,2002-02-18,0
11357,1362,2002-04-01,1
11357,1579,2002-04-12,0
11357,1820,2002-05-17,0
11357,1239,2002-06-17,0
11357,1728,2002-06-28,1
11109,580,2009-02-27,1
11109,660,2009-03-12,1
11109,806,2009-04-14,0
11109,793,2009-04-27,0
11109,800,2009-06-08,0
11882,1579,2013-11-13,0
11882,1366,2013-11-28,1
11882,1152,2013-12-22,1
11882,1409,2014-01-02,0
11882,1084,2014-01-31,0
11882,1132,2014-02-19,1
10026,267,2002-04-20,1
10026,292,2002-05-18,1
10026,298,2002-07-04,1
10026,225,2002-08-01,0
10026,181,2002-09-10,0
10026,290,2002-10-20,1
10084,624,2005-02-20,0
10084,409,2005-04-02,1
10084,713,2005-05-03,0
10084,696,2005-05-13,0
10084,707,2005-06-23,1
10084,675,2005-08-11,0
10084,626,2005-09-27,1
10084,483,2005-10-19,1
11861,1303,2001-04-09,1
11861,895,2001-04-22,0
11861,1456,2001-06-06,0
11861,1059,2001-07-13,0
11861,1652,2001-08-12,0
11002,311,2014-10-09,0
11002,280,2014-11-19,1
11002,444,2015-01-07,1
11002,354,2015-02-16,1
11002,328,2015-03-12,0
11002,332,2015-03-22,1
11002,477,2015-04-15,0
11002,244,2015-05-14,1
11002,447,2015-05-26,0
11693,1194,2011-09-30,0
11693,1428,2011-10-10,1
11693,863,2011-11-17,1
11693,752,2011-11-28,1
11693,1348,2011-12-14,1
11693,1239,2012-01-08,0
11693,1307,2012-02-13,1
11693,1184,2012-03-10,0
11899,1294,2003-07-16,1
11899,1248,2003-08-26,0
11899,1238,2003-10-14,0
11899,1677,2003-11-15,1
11899,1179,2003-12-22,1
11899,1353,2004-02-01,0
11899,1167,2004-02-15,1
11899,1570,2004-04-04,0
10886,905,2007-04-17,1
10886,836,2007-05-13,1
10886,1324,2007-06-01,0
10886,895,2007-07-14,1
10886,992,2007-08-02,1
10886,1487,2007-09-13,0
10886,1022,2007-09-27,0
10886,1123,2007-10-23,1
10886,1619,2007-11-21,1
10602,1715,2007-02-23,0
10602,1863,2007-04-08,0
10602,1740,2007-04-24,0
10602,2460,2007-06-04,0
10602,2262,2007-06-23,1
10602,1845,2007-07-14,1
10602,1938,2007-07-26,0
10602,2095,2007-09-08,0
11499,1763,2003-01-16,0
11499,1609,2003-02-11,0
11499,1764,2003-04-01,0
11499,2028,2003-04-19,1
11499,1888,2003-05-12,0
11499,1674,2003-06-04,1
11499,1654,2003-07-20,1
11499,1161,2003-08-11,1
11499,1591,2003-09-18,1
10463,877,2002-08-26,0
10463,1099,2002-09-21,0
10463,920,2002-10-14,0
10463,1642,2002-10-25,1
10463,1429,2002-12-11,1
10463,1556,2002-12-27,1
10463,1569,2003-01-08,0
10008,1546,2012-12-27,0
10008,2274,2013-01-17,1
10008,2140,2013-02-19,0
10008,2606,2013-04-03,1
10008,2618,2013-05-14,0
10008,2508,2013-06-30,1
10008,1533,2013-08-18,1
10008,2457,2013-09-10,0
10008,2551,2013-10-22,0
11477,491,2006-11-28,1
11477,765,2006-12-19,0
11477,654,2007-01-17,1
11477,575,2007-02-28,1
11477,824,2007-03-27,1
11477,879,2007-05-09,1
11477,866,2007-05-19,0
11477,521,2007-06-19,1
11477,597,2007-06-29,1
10358,601,2006-04-07,0
10358,792,2006-04-24,1
10358,406,2006-06-02,1
10358,692,2006-06-29,0
10358,432,2006-07-21,0
10358,412,2006-08-18,1
10107,1675,2014-11-05,0
10107,1409,2014-12-22,1
10107,952,2015-01-21,0
10107,925,2015-03-03,1
10107,1607,2015-04-14,0
10107,1152,2015-05-25,0
10107,946,2015-06-10,0
10107,1259,2015-07-10,0
11900,1258,2002-12-14,1
11900,2260,2002-12-27,1
11900,1445,2003-01-10,0
11900,2378,2003-02-26,1
11900,1332,2003-04-06,0
11900,2374,2003-05-15,1
11900,1626,2003-05-29,0
11900,1888,2003-07-13,0
10948,798,2005-07-03,1
10948,917,2005-08-04,0
10948,1080,2005-09-16,1
10948,910,2005-10-05,0
10948,953,2005-10-28,1
10543,2590,2008-05-25,0
10543,2054,2008-06-29,0
10543,1502,2008-07-19,0
10543,1589,2008-09-05,1
10543,1474,2008-09-23,0
10543,2027,2008-10-08,0
11242,886,2001-01-13,0
11242,771,2001-02-21,1
11242,538,2001-03-18,1
11242,788,2001-03-29,0
11242,801,2001-04-20,0
11242,752,2001-05-10,0
11242,683,2001-05-30,0
10173,131,2007-10-24,0
10173,128,2007-11-07,0
10173,185,2007-12-22,1
10173,179,2008-01-17,0
10173,138,2008-01-31,0
10173,180,2008-02-22,0
10173,104,2008-03-08,0
11009,505,2010-02-23,1
11009,692,2010-03-29,0
11009,462,2010-05-14,0
11009,602,2010-05-24,0
11009,383,2010-06-08,1
10635,719,2011-03-26,1
10635,628,2011-04-28,0
10635,719,2011-06-09,0
10635,644,2011-07-03,1
10635,984,2011-08-03,1
10635,939,2011-09-10,1
10635,739,2011-09-25,0
10635,774,2011-11-07,1
11764,799,2013-05-16,1
11764,954,2013-06-12,1
11764,781,2013-07-10,0
11764,883,2013-08-09,0
11764,671,2013-08-19,0
10010,337,2011-06-11,0
10010,365,2011-07-08,1
10010,310,2011-08-17,0
10010,493,2011-09-04,1
10010,538,2011-09-18,1
11370,1420,2001-03-11,1
11370,2658,2001-04-17,1
11370,2254,2001-05-25,0
11370,2470,2001-06-17,1
11370,1445,2001-07-29,1
11370,2157,2001-08-13,1
10639,2101,2010-03-14,1
10639,1943,2010-04-22,0
10639,1693,2010-06-09,1
10639,1992,2010-07-05,1
10639,2399,2010-07-23,0
11829,1392,2013-05-09,1
11829,1378,2013-06-05,1
11829,1323,2013-06-23,0
11829,1105,2013-07-26,0
11829,1360,2013-08-23,1
11829,996,2013-10-01,0
11829,979,2013-11-04,1
11829,1476,2013-12-02,1
11829,1575,2014-01-11,1
10126,1926,2000-04-16,0
10126,1635,2000-05-24,0
10126,2706,2000-06-10,0
10126,1766,2000-07-14,0
10126,1478,2000-08-08,1
10126,2745,2000-09-25,0
11157,116,2004-05-06,1
11157,90,2004-06-17,1
11157,102,2004-06-28,1
11157,109,2004-08-09,0
11157,106,2004-09-13,0
11157,113,2004-09-26,0
11789,400,2007-02-05,0
11789,503,2007-02-26,0
11789,366,2007-03-31,1
11789,389,2007-04-29,0
11789,335,2007-05-21,1
11789,505,2007-06-01,1
10425,2009,2009-01-26,0
10425,1396,2009-03-12,1
10425,2168,2009-04-28,0
10425,1718,2009-05-23,0
10425,2633,2009-06-14,1
10425,1776,2009-08-02,0
10425,1764,2009-08-15,0
10425,2327,2009-09-07,1
11443,1207,2014-05-04,0
11443,851,2014-06-13,1
11443,993,2014-07-22,1
11443,1453,2014-08-14,1
11443,837,2014-09-10,1
11443,1131,2014-10-14,0
11443,1055,2014-11-22,1
11178,563,2001-04-15,1
11178,539,2001-05-20,0
11178,343,2001-06-20,0
11178,451,2001-07-22,0
11178,571,2001-08-29,1
11178,374,2001-10-03,1
11178,340,2001-10-27,1
11178,519,2001-11-21,1
11178,496,2001-12-03,0
10692,1382,2004-05-18,0
10692,949,2004-06-09,1
10692,1025,2004-07-20,1
10692,1013,2004-08-30,1
10692,1007,2004-10-16,1
10692,1057,2004-11-18,0
10692,942,2004-12-07,0
11720,1766,2003-06-13,0
11720,1639,2003-07-28,0
11720,1414,2003-08-19,1
11720,1870,2003-08-31,1
11720,1870,2003-10-16,0
11720,1688,2003-11-16,0
11720,1816,2003-12-09,0
11720,1081,2004-01-27,1
10087,1650,2009-03-15,1
10087,1463,2009-04-27,0
10087,885,2009-05-15,1
10087,989,2009-06-03,1
10087,1315,2009-06-23,0
10087,981,2009-08-05,0
10087,1333,2009-09-04,0
10275,306,2002-02-11,0
10275,466,2002-03-13,0
10275,304,2002-04-22,1
10275,308,2002-06-08,0
10275,299,2002-07-04,1
10275,331,2002-08-22,1
11663,709,2013-11-29,1
11663,562,2013-12-09,0
11663,541,2014-01-14,1
11663,671,2014-03-04,1
11663,725,2014-04-05,0
11663,782,2014-04-29,1
10883,2658,2013-03-15,1
10883,2555,2013-04-20,1
10883,1574,2013-05-25,1
10883,2382,2013-07-02,0
10883,2242,2013-07-30,1
10883,1551,2013-08-22,1
10883,1807,2013-10-02,1
10883,2781,2013-10-23,0
10883,2015,2013-11-24,1
10420,571,2000-11-19,1
10420,544,2000-11-30,1
10420,351,2000-12-15,1
10420,549,2001-01-19,1
10420,589,2001-02-11,0
10420,619,2001-03-07,0
10420,513,2001-04-14,0
11715,463,2005-05-27,1
11715,658,2005-06-22,1
11715,554,2005-08-07,0
11715,384,2005-09-03,1
11715,559,2005-10-02,1
11715,452,2005-10-30,0
11715,652,2005-11-13,0
10491,1198,2010-04-04,1
10491,1651,2010-04-16,1
10491,2359,2010-05-01,0
10491,1392,2010-05-19,1
10491,2325,2010-06-26,0
10491,2203,2010-08-07,1
10996,1784,2007-08-01,0
10996,2503,2007-09-15,1
10996,1642,2007-10-08,1
10996,2061,2007-11-07,0
10996,1537,2007-12-14,0
10996,2079,2008-01-05,0
10996,1825,2008-02-10,1
10996,1722,2008-03-23,0
10819,651,2010-02-07,0
10819,869,2010-03-06,1
10819,653,2010-03-24,1
10819,671,2010-04-21,1
10819,613,2010-05-21,1
11520,150,2005-03-11,0
11520,229,2005-04-01,1
11520,189,2005-05-19,0
11520,222,2005-07-04,0
11520,234,2005-08-03,0
11520,252,2005-09-12,1
11520,157,2005-10-11,1
11520,188,2005-11-26,1
11520,153,2006-01-14,1
10600,603,2001-12-30,1
10600,730,2002-02-07,0
10600,941,2002-02-26,1
10600,680,2002-03-31,0
10600,564,2002-04-21,1
10600,630,2002-05-23,1
10600,1096,2002-07-05,0
10600,697,2002-08-22,0
10600,883,2002-09-10,1
11861,1547,2001-01-06,0
11861,1967,2001-02-09,0
11861,2730,2001-03-23,0
11861,2509,2001-05-10,1
11861,1794,2001-06-11,1
11861,2715,2001-07-06,0
11861,2705,2001-08-04,1
11861,2375,2001-09-05,1
11861,1754,2001-10-17,0
11733,2199,2013-03-17,1
11733,1626,2013-04-13,0
11733,1415,2013-05-02,1
11733,1481,2013-05-31,0
11733,1628,2013-07-02,1
11733,1444,2013-07-22,0
11733,2006,2013-08-14,0
11733,2432,2013-08-30,0
11745,465,2014-08-03,0
11745,280,2014-08-26,0
11745,458,2014-09-28,1
11745,512,2014-10-29,0
11745,493,2014-12-12,1
11745,369,2014-12-27,1
11745,505,2015-02-04,1
11745,410,2015-03-24,0
10836,1336,2008-05-26,1
10836,2124,2008-06-18,0
10836,2187,2008-07-27,0
10836,1908,2008-08-21,0
10836,1837,2008-09-30,1
10836,2030,2008-10-19,1
10836,1961,2008-11-01,0
11037,682,2008-05-27,1
11037,920,2008-07-06,1
11037,709,2008-07-30,0
11037,990,2008-09-03,0
11037,895,2008-09-28,0
11037,873,2008-10-23,1
11037,680,2008-12-03,1
11037,1081,2009-01-02,0
11037,1013,2009-01-29,1
11558,1680,2006-10-05,0
11558,2573,2006-10-22,0
11558,1737,2006-11-04,1
11558,1708,2006-12-13,1
11558,2241,2007-01-03,0
11558,1715,2007-02-21,1
11558,2726,2007-03-25,1
11558,1590,2007-05-12,0
11558,2677,2007-06-28,1
10797,1722,2006-08-27,0
10797,2340,2006-10-08,0
10797,2205,2006-11-09,1
10797,1980,2006-12-19,0
10797,1325,2007-01-02,0
10797,1388,2007-02-11,1
10546,2300,2011-08-12,0
10546,1431,2011-09-10,0
10546,1885,2011-10-05,0
10546,1474,2011-11-20,1
10546,2642,2011-11-30,1
10546,1513,2012-01-10,1
10546,2178,2012-02-12,1
10546,2226,2012-03-23,0
10057,1842,2007-06-08,1
10057,1966,2007-06-28,0
10057,1403,2007-08-11,0
10057,1940,2007-09-17,1
10057,1229,2007-10-24,1
10323,2627,2001-03-24,1
10323,2446,2001-05-12,0
10323,1809,2001-06-20,1
10323,1797,2001-07-05,0
10323,2310,2001-08-08,0
10253,1631,2000-08-04,1
10253,1338,2000-09-07,0
10253,1786,2000-10-10,1
10253,1493,2000-11-01,1
10253,1050,2000-11-13,1
10253,1279,2000-12-12,0
10253,1186,2000-12-30,0
10632,2091,2004-12-31,0
10632,1600,2005-01-31,0
10632,1475,2005-03-01,0
10632,1679,2005-04-14,1
10632,2163,2005-05-16,0
10632,1848,2005-07-03,1
10632,1345,2005-08-13,1
11683,1789,2008-11-04,0
11683,2285,2008-12-23,0
11683,1442,2009-01-11,0
11683,2271,2009-01-21,1
11683,1275,2009-02-28,0
11683,1731,2009-03-10,0
11683,1784,2009-04-06,1
11683,1947,2009-05-20,1
11683,2071,2009-06-09,0
11761,93,2011-02-15,0
11761,93,2011-03-19,1
11761,149,2011-04-12,1
11761,129,2011-05-14,1
11761,110,2011-06-26,1
11761,95,2011-07-16,0
11761,143,2011-08-28,0
10871,971,2005-10-29,0
10871,1098,2005-11-18,1
10871,605,2005-12-31,1
10871,902,2006-02-10,1
10871,633,2006-03-23,0
10871,847,2006-04-26,0
10871,577,2006-06-09,0
10871,687,2006-06-27,0
10173,1045,2006-08-27,0
10173,716,2006-09-11,1
10173,1039,2006-10-07,1
10173,859,2006-11-03,0
10173,915,2006-12-22,1
10438,737,2005-10-19,0
10438,525,2005-11-27,1
10438,679,2006-01-05,0
10438,561,2006-02-10,1
10438,448,2006-03-30,1
11954,150,2001-03-23,0
11954,238,2001-05-09,1
11954,152,2001-06-20,1
11954,147,2001-07-08,0
11954,146,2001-08-15,0
11954,223,2001-09-25,1
11954,225,2001-10-07,0
10206,2222,2001-07-19,0
10206,1963,2001-08-13,0
10206,1161,2001-09-04,0
10206,1902,2001-09-19,0
10206,1989,2001-10-19,1
10206,1680,2001-11-28,0
10206,1438,2002-01-03,1
10206,1510,2002-02-01,1
11225,1778,2004-08-04,0
11225,1299,2004-09-19,1
11225,2035,2004-10-29,1
11225,1165,2004-11-22,1
11225,1186,2004-12-23,0
11225,1156,2005-02-09,1
11225,1994,2005-03-18,0
11225,1721,2005-04-20,0
11400,1350,2001-06-09,1
11400,2056,2001-07-28,1
11400,1640,2001-08-30,1
11400,2151,2001-10-08,0
11400,1211,2001-11-13,1
11400,1754,2001-11-27,0
11400,1354,2001-12-07,1
11400,1537,2001-12-26,1
11400,1985,2002-01-15,1
11423,1300,2014-10-24,0
11423,2178,2014-11-05,1
11423,1813,2014-11-25,1
11423,1557,2014-12-22,1
11423,1386,2015-01-15,1
11423,1919,2015-02-16,1
11423,1624,2015-03-08,1
11833,1763,2005-05-05,1
11833,1963,2005-06-14,1
11833,2567,2005-07-07,1
11833,1678,2005-08-25,0
11833,2088,2005-10-01,0
11191,1566,2011-02-02,1
11191,1613,2011-03-17,1
11191,1520,2011-04-13,0
11191,1072,2011-05-07,0
11191,1438,2011-05-22,1
11241,564,2011-08-10,1
11241,523,2011-09-24,1
11241,483,2011-10-14,1
11241,537,2011-11-29,0
11241,373,2011-12-31,1
11241,572,2012-01-13,0
11241,580,2012-01-25,1
11241,314,2012-03-02,0
11241,546,2012-03-31,0
11045,137,2003-12-11,0
11045,133,2004-01-02,0
11045,103,2004-01-22,0
11045,101,2004-03-09,1
11045,128,2004-04-16,1
11045,141,2004-05-25,1
11566,1044,2012-10-28,1
11566,1184,2012-12-03,0
11566,957,2012-12-13,1
11566,1253,2013-01-25,1
11566,1022,2013-02-05,0
11566,1085,2013-03-20,1
11592,540,2007-02-12,0
11592,721,2007-03-24,0
11592,591,2007-04-15,0
11592,573,2007-05-25,1
11592,433,2007-07-12,0
11592,532,2007-08-05,1
11592,556,2007-08-21,0
10565,316,2000-12-01,1
10565,237,2001-01-05,1
10565,249,2001-02-10,0
10565,320,2001-02-26,1
10565,218,2001-03-21,0
10565,323,2001-04-15,1
11299,112,2009-07-27,1
11299,160,2009-08-31,1
11299,149,2009-10-03,1
11299,149,2009-11-20,0
11299,116,2009-12-09,1
11299,115,2010-01-18,1
11305,414,2000-10-16,0
11305,526,2000-11-16,1
11305,361,2000-12-26,1
11305,403,2001-01-24,0
11305,355,2001-02-28,0
11305,343,2001-03-18,1
11305,535,2001-04-22,1
11305,575,2001-05-22,0
11305,586,2001-07-08,0
10451,183,2012-04-11,1
10451,281,2012-05-13,1
10451,172,2012-06-29,0
10451,249,2012-07-13,1
10451,241,2012-08-10,0
10451,219,2012-09-13,1
10451,268,2012-10-10,1
10548,1791,2015-02-04,0
10548,2169,2015-03-22,1
10548,2311,2015-04-15,1
10548,2237,2015-04-25,0
10548,1922,2015-05-31,0
10548,2477,2015-06-17,1
10548,2197,2015-07-13,1
10117,443,2008-01-26,0
10117,306,2008-02-24,0
10117,337,2008-03-06,1
10117,531,2008-04-02,1
10117,491,2008-05-08,1
10117,414,2008-05-25,1
10374,1902,2014-03-02,0
10374,2079,2014-03-22,0
10374,1390,2014-05-06,0
10374,2165,2014-06-14,1
10374,1560,2014-07-15,1
10374,2262,2014-08-13,0
10374,1699,2014-09-22,1
11619,1407,2008-05-31,0
11619,1019,2008-06-30,1
11619,1473,2008-07-16,0
11619,1573,2008-08-09,0
11619,1588,2008-09-11,0
11619,1084,2008-10-09,1
10161,1558,2005-11-06,1
10161,1134,2005-12-02,1
10161,1666,2005-12-18,1
10161,988,2006-01-11,0
10161,1043,2006-02-14,1
10161,1552,2006-02-27,0
10161,1264,2006-04-09,1
10161,1579,2006-05-12,1
10229,2267,2013-05-23,1
10229,2357,2013-06-28,1
10229,1790,2013-07-27,0
10229,2054,2013-08-16,0
10229,1254,2013-10-02,0
10515,1607,2014-05-08,1
10515,1280,2014-05-24,0
10515,1513,2014-06-15,0
10515,1610,2014-07-14,1
10515,831,2014-08-09,1
10515,1547,2014-08-28,0
10666,718,2007-05-09,1
10666,1297,2007-05-27,0
10666,785,2007-07-11,0
10666,1068,2007-08-25,0
10666,1161,2007-09-06,1
10666,930,2007-09-18,1
10666,1368,2007-10-13,1
10316,2053,2000-03-19,0
10316,1687,2000-04-21,0
10316,2136,2000-05-20,0
10316,2592,2000-06-07,1
10316,1928,2000-07-16,1
10316,2099,2000-08-01,1
10316,2410,2000-09-04,1
10316,1793,2000-09-28,1
10316,1690,2000-10-26,1
11937,817,2013-08-13,0
11937,750,2013-08-26,0
11937,1134,2013-10-02,0
11937,787,2013-10-22,0
11937,755,2013-11-17,0
11937,604,2013-12-08,0
11937,1060,2014-01-11,0
11937,1038,2014-02-23,0
10876,1062,2003-03-28,1
10876,1272,2003-05-07,1
10876,1434,2003-06-06,1
10876,1272,2003-07-14,0
10876,942,2003-08-24,1
11754,760,2004-04-01,1
11754,1008,2004-04-19,1
11754,987,2004-05-19,1
11754,995,2004-06-30,0
11754,990,2004-08-06,0
11754,1074,2004-09-19,1
10622,479,2008-10-23,1
10622,446,2008-12-08,0
10622,701,2009-01-21,0
10622,433,2009-02-14,1
10622,492,2009-03-22,0
10276,1492,2007-12-08,0
10276,1065,2008-01-09,0
10276,1270,2008-02-22,0
10276,1553,2008-03-23,0
10276,1527,2008-04-09,1
10276,1009,2008-04-27,0
10276,910,2008-05-17,1
10276,1010,2008-06-12,0
10839,222,2012-05-19,0
10839,288,2012-06-01,1
10839,163,2012-06-21,0
10839,276,2012-07-15,1
10839,241,2012-08-22,0
10839,266,2012-09-27,0
10839,248,2012-10-13,0
10267,317,2006-10-20,1
10267,266,2006-12-02,0
10267,345,2007-01-18,1
10267,441,2007-02-06,1
10267,383,2007-02-20,1
10267,373,2007-03-11,1
10267,296,2007-04-23,1
10267,225,2007-05-19,1
10267,299,2007-07-01,1
10466,763,2005-04-14,0
10466,481,2005-05-26,0
10466,849,2005-07-03,1
10466,786,2005-08-13,1
10466,567,2005-09-06,1
10466,688,2005-10-23,1
10466,527,2005-12-07,0
10466,813,2006-01-19,1
10466,503,2006-02-05,0
11563,1103,2003-10-04,1
11563,1385,2003-10-31,1
11563,1525,2003-11-17,1
11563,1446,2003-12-24,1
11563,1768,2004-01-29,0
11563,1037,2004-02-11,0
11563,1153,2004-03-30,1
11563,1683,2004-05-13,0
11129,1327,2002-02-19,0
11129,1624,2002-03-03,1
11129,1703,2002-04-02,1
11129,1602,2002-05-19,1
11129,1675,2002-06-22,1
11129,2176,2002-08-03,0
11129,1639,2002-09-05,0
10006,2401,2003-08-11,1
10006,1830,2003-09-09,0
10006,2141,2003-10-12,0
10006,1288,2003-10-24,0
10006,1252,2003-12-07,0
10006,1564,2003-12-22,1
10006,1536,2004-01-26,1
10006,1240,2004-03-02,0
11364,364,2002-09-03,0
11364,360,2002-09-24,1
11364,262,2002-11-12,1
11364,453,2002-12-30,1
11364,382,2003-01-15,1
11364,506,2003-01-25,1
10350,1722,2014-10-07,1
10350,1306,2014-11-20,1
10350,1480,2014-12-22,1
10350,1488,2015-01-22,0
10350,1106,2015-03-04,1
10078,498,2009-05-05,1
10078,626,2009-06-19,1
10078,423,2009-07-10,1
10078,630,2009-08-25,1
10078,602,2009-09-28,0
